path	line	language	literal	source
lib/app.dart	33	VI	Quß║ún L├╜ Giß║úi ─Éß║Ñu	title: 'Quß║ún L├╜ Giß║úi ─Éß║Ñu',
lib/core/router/app_router.dart	827	VI	Vß╗ü trang chß╗º	child: const Text('Vß╗ü trang chß╗º'),
lib/core/services/api_response.dart	25	OTHER	message	message: json['message'] as String?,
lib/core/services/chat_socket_service.dart	111	OTHER	chat:message:reaction	_socket!.on('chat:message:reaction', (data) {
lib/core/services/chat_socket_service.dart	116	OTHER	chat:message:revoked	_socket!.on('chat:message:revoked', (data) {
lib/core/services/chat_socket_service.dart	121	OTHER	chat:message:pinned	_socket!.on('chat:message:pinned', (data) {
lib/core/services/push_notification_service.dart	98	OTHER	Received foreground FCM message: ${message.notification?.title}	_log.info('Received foreground FCM message: ${message.notification?.title}');
lib/core/utils/elo_helpers.dart	139	VI	≡ƒÅå ─É├ú ─æß║ít ─æß╗ënh ΓÇö Tier S	label: '≡ƒÅå ─É├ú ─æß║ít ─æß╗ënh ΓÇö Tier S',
lib/core/widgets/app_share_modal.dart	151	VI	Sao ch├⌐p link	label: 'Sao ch├⌐p link',
lib/core/widgets/app_share_modal.dart	157	VI	─É├ú sao ch├⌐p li├¬n kß║┐t v├áo bß╗Ö nhß╗¢ tß║ím!	content: Text('─É├ú sao ch├⌐p li├¬n kß║┐t v├áo bß╗Ö nhß╗¢ tß║ím!'),
lib/core/widgets/app_share_modal.dart	167	VI	Chia sß║╗ qua App	label: 'Chia sß║╗ qua App',
lib/core/widgets/app_share_modal.dart	181	VI	M├ú QR	label: 'M├ú QR',
lib/core/widgets/app_share_modal.dart	276	VI	─É├ú sao ch├⌐p li├¬n kß║┐t!	const SnackBar(content: Text('─É├ú sao ch├⌐p li├¬n kß║┐t!')),
lib/core/widgets/app_share_modal.dart	280	VI	Sao ch├⌐p link	label: const Text('Sao ch├⌐p link'),
lib/core/widgets/app_update_gate.dart	58	VI	C├│ phi├¬n bß║ún mß╗¢i	title: const Text('C├│ phi├¬n bß║ún mß╗¢i'),
lib/core/widgets/app_update_gate.dart	68	VI	─Éß╗â sau	TextButton(onPressed: () => Navigator.pop(context), child: const Text('─Éß╗â sau')),
lib/core/widgets/app_update_gate.dart	69	VI	Cß║¡p nhß║¡t ngay	FilledButton(onPressed: _openStore, child: const Text('Cß║¡p nhß║¡t ngay')),
lib/core/widgets/countdown_timer.dart	47	VI	─Éang mß╗ƒ ─æ─âng k├╜	_setText('─Éang mß╗ƒ ─æ─âng k├╜');
lib/core/widgets/countdown_timer.dart	56	VI	C├▓n $days ng├áy	_setText('C├▓n $days ng├áy');
lib/core/widgets/countdown_timer.dart	59	VI	C├▓n $days ng├áy ${hours.toString().padLeft(2,	_setText('C├▓n $days ng├áy ${hours.toString().padLeft(2, '0')}:${mins.toString().padLeft(2, '0')}:${secs.toString().padLeft(2, '0')}');
lib/core/widgets/countdown_timer.dart	59	OTHER	)}:${mins.toString().padLeft(2,	_setText('C├▓n $days ng├áy ${hours.toString().padLeft(2, '0')}:${mins.toString().padLeft(2, '0')}:${secs.toString().padLeft(2, '0')}');
lib/core/widgets/countdown_timer.dart	59	OTHER	)}:${secs.toString().padLeft(2,	_setText('C├▓n $days ng├áy ${hours.toString().padLeft(2, '0')}:${mins.toString().padLeft(2, '0')}:${secs.toString().padLeft(2, '0')}');
lib/core/widgets/countdown_timer.dart	59	OTHER	)}	_setText('C├▓n $days ng├áy ${hours.toString().padLeft(2, '0')}:${mins.toString().padLeft(2, '0')}:${secs.toString().padLeft(2, '0')}');
lib/core/widgets/countdown_timer.dart	61	VI	C├▓n ${hours.toString().padLeft(2,	_setText('C├▓n ${hours.toString().padLeft(2, '0')}:${mins.toString().padLeft(2, '0')}:${secs.toString().padLeft(2, '0')}');
lib/core/widgets/countdown_timer.dart	61	OTHER	)}:${mins.toString().padLeft(2,	_setText('C├▓n ${hours.toString().padLeft(2, '0')}:${mins.toString().padLeft(2, '0')}:${secs.toString().padLeft(2, '0')}');
lib/core/widgets/countdown_timer.dart	61	OTHER	)}:${secs.toString().padLeft(2,	_setText('C├▓n ${hours.toString().padLeft(2, '0')}:${mins.toString().padLeft(2, '0')}:${secs.toString().padLeft(2, '0')}');
lib/core/widgets/countdown_timer.dart	61	OTHER	)}	_setText('C├▓n ${hours.toString().padLeft(2, '0')}:${mins.toString().padLeft(2, '0')}:${secs.toString().padLeft(2, '0')}');
lib/core/widgets/match_card/match_card_compact.dart	36	EN/OTHER	V${match.round}	child: Text('V${match.round}',
lib/core/widgets/match_card/match_card_live.dart	44	OTHER	LIVE	Text('LIVE',
lib/core/widgets/province_picker.dart	137	OTHER	${p.name} (${p.code})	child: Text('${p.name} (${p.code})'),
lib/core/widgets/score_display.dart	89	OTHER	T1	Text('T1', style: TextStyle(fontSize: 10, color: colors.textMuted)),
lib/core/widgets/score_display.dart	93	OTHER	T2	Text('T2', style: TextStyle(fontSize: 10, color: colors.textMuted)),
lib/core/widgets/socket_observer.dart	125	OTHER	Xem	label: 'Xem',
lib/data/models/chat_models.dart	252	OTHER	messageText	content: (json['messageText'] ?? json['content'] ?? json['text'] ?? '').toString(),
lib/data/models/chat_models.dart	252	OTHER	content	content: (json['messageText'] ?? json['content'] ?? json['text'] ?? '').toString(),
lib/data/models/chat_models.dart	252	OTHER	text	content: (json['messageText'] ?? json['content'] ?? json['text'] ?? '').toString(),
lib/data/models/community_member_model.dart	80	OTHER	label	label: json['label']?.toString(),
lib/domain/entities/app_notification.dart	29	OTHER	title	title: json['title'] ?? '',
lib/domain/services/score_validator.dart	10	VI	$label: Hiß╗çp kh├┤ng ─æ╞░ß╗úc h├▓a ($maxScore-$minScore)	throw FormatException('$label: Hiß╗çp kh├┤ng ─æ╞░ß╗úc h├▓a ($maxScore-$minScore)');
lib/domain/services/score_validator.dart	13	VI	$label: Ng╞░ß╗¥i thß║»ng phß║úi ─æß║ít tß╗æi thiß╗âu ${config.pointsPerSet} ─æiß╗âm	throw FormatException('$label: Ng╞░ß╗¥i thß║»ng phß║úi ─æß║ít tß╗æi thiß╗âu ${config.pointsPerSet} ─æiß╗âm');
lib/domain/services/score_validator.dart	19	VI	$label: Deuce y├¬u cß║ºu thß║»ng c├ích 2 ─æiß╗âm	throw FormatException('$label: Deuce y├¬u cß║ºu thß║»ng c├ích 2 ─æiß╗âm');
lib/domain/services/score_validator.dart	22	VI	$label: Ng╞░ß╗¥i thß║»ng phß║úi ─æß║ít ─æ├║ng ${config.pointsPerSet} ─æiß╗âm (kh├┤ng deuce)	throw FormatException('$label: Ng╞░ß╗¥i thß║»ng phß║úi ─æß║ít ─æ├║ng ${config.pointsPerSet} ─æiß╗âm (kh├┤ng deuce)');
lib/domain/services/score_validator.dart	26	VI	$label: Win-by-2 tß║»t, ng╞░ß╗¥i thß║»ng phß║úi ─æß║ít ─æ├║ng ${config.pointsPerSet}	throw FormatException('$label: Win-by-2 tß║»t, ng╞░ß╗¥i thß║»ng phß║úi ─æß║ít ─æ├║ng ${config.pointsPerSet}');
lib/domain/services/score_validator.dart	31	VI	$label: ─Éiß╗âm sß╗æ v╞░ß╗út qu├í giß╗¢i hß║ín ${config.maxPoints}	throw FormatException('$label: ─Éiß╗âm sß╗æ v╞░ß╗út qu├í giß╗¢i hß║ín ${config.maxPoints}');
lib/domain/services/score_validator.dart	42	VI	$label: Tennis kh├┤ng cho ph├⌐p set h├▓a	throw FormatException('$label: Tennis kh├┤ng cho ph├⌐p set h├▓a');
lib/domain/services/score_validator.dart	45	VI	$label: Ng╞░ß╗¥i thß║»ng phß║úi ─æß║ít ├¡t nhß║Ñt ${config.pointsPerSet} game	throw FormatException('$label: Ng╞░ß╗¥i thß║»ng phß║úi ─æß║ít ├¡t nhß║Ñt ${config.pointsPerSet} game');
lib/domain/services/score_validator.dart	48	VI	$label: Sß╗æ game kh├┤ng v╞░ß╗út qu├í ${config.maxPoints}	throw FormatException('$label: Sß╗æ game kh├┤ng v╞░ß╗út qu├í ${config.maxPoints}');
lib/domain/services/score_validator.dart	53	VI	$label: Kß║┐t quß║ú ${set.score1}-${set.score2} kh├┤ng hß╗úp lß╗ç cho tennis	throw FormatException('$label: Kß║┐t quß║ú ${set.score1}-${set.score2} kh├┤ng hß╗úp lß╗ç cho tennis');
lib/domain/services/score_validator.dart	61	VI	$label: Kß║┐t quß║ú tiebreak ${set.score1}-${set.score2} kh├┤ng hß╗úp lß╗ç	throw FormatException('$label: Kß║┐t quß║ú tiebreak ${set.score1}-${set.score2} kh├┤ng hß╗úp lß╗ç');
lib/domain/services/score_validator.dart	66	VI	$label: Kß║┐t quß║ú ${set.score1}-${set.score2} kh├┤ng hß╗úp lß╗ç cho tennis	throw FormatException('$label: Kß║┐t quß║ú ${set.score1}-${set.score2} kh├┤ng hß╗úp lß╗ç cho tennis');
lib/domain/services/score_validator.dart	76	VI	$label: Game kh├┤ng ─æ╞░ß╗úc h├▓a	throw FormatException('$label: Game kh├┤ng ─æ╞░ß╗úc h├▓a');
lib/domain/services/score_validator.dart	79	VI	$label: ─Éß╗Öi thß║»ng phß║úi ─æß║ít tß╗æi thiß╗âu ${config.pointsPerSet} ─æiß╗âm	throw FormatException('$label: ─Éß╗Öi thß║»ng phß║úi ─æß║ít tß╗æi thiß╗âu ${config.pointsPerSet} ─æiß╗âm');
lib/domain/services/score_validator.dart	85	VI	$label: Side-out y├¬u cß║ºu thß║»ng c├ích 2 ─æiß╗âm ß╗ƒ giai ─æoß║ín cuß╗æi	throw FormatException('$label: Side-out y├¬u cß║ºu thß║»ng c├ích 2 ─æiß╗âm ß╗ƒ giai ─æoß║ín cuß╗æi');
lib/domain/services/score_validator.dart	88	VI	$label: ─Éiß╗âm ─æ├¡ch chuß║⌐n side-out l├á ${config.pointsPerSet}	throw FormatException('$label: ─Éiß╗âm ─æ├¡ch chuß║⌐n side-out l├á ${config.pointsPerSet}');
lib/domain/services/score_validator.dart	91	VI	$label: Khi tß║»t win-by-2, ─æß╗Öi thß║»ng phß║úi chß║ím ${config.pointsPerSet}	throw FormatException('$label: Khi tß║»t win-by-2, ─æß╗Öi thß║»ng phß║úi chß║ím ${config.pointsPerSet}');
lib/domain/services/score_validator.dart	95	VI	$label: ─Éiß╗âm v╞░ß╗út ng╞░ß╗íng ${config.maxPoints}	throw FormatException('$label: ─Éiß╗âm v╞░ß╗út ng╞░ß╗íng ${config.maxPoints}');
lib/features/admin/screens/admin_clubs_screen.dart	60	VI	Quß║ún l├╜ CLB	title: const Text('Quß║ún l├╜ CLB', style: TextStyle(fontWeight: FontWeight.w900, fontSize: 20)),
lib/features/admin/screens/admin_clubs_screen.dart	84	VI	T├¼m kiß║┐m CLB...	hintText: 'T├¼m kiß║┐m CLB...',
lib/features/admin/screens/admin_clubs_screen.dart	192	VI	Lß╗ùi tß║úi danh s├ích	Text('Lß╗ùi tß║úi danh s├ích', style: TextStyle(fontSize: 16, fontWeight: FontWeight.w700, color: colors.textPrimary)),
lib/features/admin/screens/admin_clubs_screen.dart	307	OTHER	${club.memberCount} TV	Text('${club.memberCount} TV', style: TextStyle(fontSize: 11, color: colors.textMuted)),
lib/features/admin/screens/admin_clubs_screen.dart	326	OTHER	Xem	label: 'Xem',
lib/features/admin/screens/admin_clubs_screen.dart	337	VI	Duyß╗çt	label: 'Duyß╗çt',
lib/features/admin/screens/admin_clubs_screen.dart	348	OTHER	PENDING	label: club.status == 'PENDING' ? 'Tß╗½ chß╗æi' : 'V├┤ hiß╗çu',
lib/features/admin/screens/admin_clubs_screen.dart	348	VI	Tß╗½ chß╗æi	label: club.status == 'PENDING' ? 'Tß╗½ chß╗æi' : 'V├┤ hiß╗çu',
lib/features/admin/screens/admin_clubs_screen.dart	348	VI	V├┤ hiß╗çu	label: club.status == 'PENDING' ? 'Tß╗½ chß╗æi' : 'V├┤ hiß╗çu',
lib/features/admin/screens/admin_clubs_screen.dart	399	OTHER	APPROVED	content: Text(status == 'APPROVED' ? '─É├ú duyß╗çt CLB' : '─É├ú cß║¡p nhß║¡t CLB'),
lib/features/admin/screens/admin_clubs_screen.dart	399	VI	─É├ú duyß╗çt CLB	content: Text(status == 'APPROVED' ? '─É├ú duyß╗çt CLB' : '─É├ú cß║¡p nhß║¡t CLB'),
lib/features/admin/screens/admin_clubs_screen.dart	399	VI	─É├ú cß║¡p nhß║¡t CLB	content: Text(status == 'APPROVED' ? '─É├ú duyß╗çt CLB' : '─É├ú cß║¡p nhß║¡t CLB'),
lib/features/admin/screens/admin_clubs_screen.dart	407	VI	Lß╗ùi: ${e.toString().replaceAll(	content: Text('Lß╗ùi: ${e.toString().replaceAll('Exception: ', '')}'),
lib/features/admin/screens/admin_clubs_screen.dart	407	OTHER	)}	content: Text('Lß╗ùi: ${e.toString().replaceAll('Exception: ', '')}'),
lib/features/admin/screens/admin_clubs_screen.dart	425	OTHER	PENDING	Text(club.status == 'PENDING' ? 'Tß╗½ chß╗æi CLB' : 'V├┤ hiß╗çu ho├í CLB',
lib/features/admin/screens/admin_clubs_screen.dart	425	VI	Tß╗½ chß╗æi CLB	Text(club.status == 'PENDING' ? 'Tß╗½ chß╗æi CLB' : 'V├┤ hiß╗çu ho├í CLB',
lib/features/admin/screens/admin_clubs_screen.dart	425	VI	V├┤ hiß╗çu ho├í CLB	Text(club.status == 'PENDING' ? 'Tß╗½ chß╗æi CLB' : 'V├┤ hiß╗çu ho├í CLB',
lib/features/admin/screens/admin_clubs_screen.dart	435	VI	L├╜ do (bß║»t buß╗Öc)	hintText: 'L├╜ do (bß║»t buß╗Öc)',
lib/features/admin/screens/admin_clubs_screen.dart	443	VI	Hß╗ºy	TextButton(onPressed: () => Navigator.pop(ctx), child: const Text('Hß╗ºy')),
lib/features/admin/screens/admin_clubs_screen.dart	459	VI	Lß╗ùi: $e	content: Text('Lß╗ùi: $e'),
lib/features/admin/screens/admin_clubs_screen.dart	467	VI	X├íc nhß║¡n	child: const Text('X├íc nhß║¡n', style: TextStyle(color: Colors.white)),
lib/features/admin/screens/change_requests_screen.dart	37	VI	Y├¬u cß║ºu thay ─æß╗òi	title: const Text('Y├¬u cß║ºu thay ─æß╗òi', style: TextStyle(fontWeight: FontWeight.w900, fontSize: 20)),
lib/features/admin/screens/change_requests_screen.dart	111	VI	Kh├┤ng c├│ y├¬u cß║ºu n├áo	Text('Kh├┤ng c├│ y├¬u cß║ºu n├áo', style: TextStyle(fontSize: 16, fontWeight: FontWeight.w700, color: colors.textPrimary)),
lib/features/admin/screens/change_requests_screen.dart	131	VI	Lß╗ùi tß║úi dß╗» liß╗çu	Text('Lß╗ùi tß║úi dß╗» liß╗çu', style: TextStyle(fontSize: 16, fontWeight: FontWeight.w700, color: colors.textPrimary)),
lib/features/admin/screens/change_requests_screen.dart	260	OTHER	APPROVED	content: Text(status == 'APPROVED' ? '─É├ú duyß╗çt y├¬u cß║ºu' : '─É├ú tß╗½ chß╗æi y├¬u cß║ºu'),
lib/features/admin/screens/change_requests_screen.dart	260	VI	─É├ú duyß╗çt y├¬u cß║ºu	content: Text(status == 'APPROVED' ? '─É├ú duyß╗çt y├¬u cß║ºu' : '─É├ú tß╗½ chß╗æi y├¬u cß║ºu'),
lib/features/admin/screens/change_requests_screen.dart	260	VI	─É├ú tß╗½ chß╗æi y├¬u cß║ºu	content: Text(status == 'APPROVED' ? '─É├ú duyß╗çt y├¬u cß║ºu' : '─É├ú tß╗½ chß╗æi y├¬u cß║ºu'),
lib/features/admin/screens/change_requests_screen.dart	268	VI	Lß╗ùi: $e	content: Text('Lß╗ùi: $e'),
lib/features/admin/screens/disputes_screen.dart	37	VI	Khiß║┐u nß║íi	title: const Text('Khiß║┐u nß║íi', style: TextStyle(fontWeight: FontWeight.w900, fontSize: 20)),
lib/features/admin/screens/disputes_screen.dart	110	VI	Kh├┤ng c├│ khiß║┐u nß║íi n├áo	Text('Kh├┤ng c├│ khiß║┐u nß║íi n├áo', style: TextStyle(fontSize: 16, fontWeight: FontWeight.w700, color: colors.textPrimary)),
lib/features/admin/screens/disputes_screen.dart	130	VI	Lß╗ùi tß║úi dß╗» liß╗çu	Text('Lß╗ùi tß║úi dß╗» liß╗çu', style: TextStyle(fontSize: 16, fontWeight: FontWeight.w700, color: colors.textPrimary)),
lib/features/admin/screens/disputes_screen.dart	175	VI	Khiß║┐u nß║íi	Text(reason.isNotEmpty ? reason : 'Khiß║┐u nß║íi', style: TextStyle(fontSize: 14, fontWeight: FontWeight.w700, color: colors.textPrimary)),
lib/features/admin/screens/disputes_screen.dart	177	OTHER	$createdBy ΓÇó $tournamentName	Text('$createdBy ΓÇó $tournamentName', style: TextStyle(fontSize: 11, color: colors.textMuted)),
lib/features/admin/screens/disputes_screen.dart	204	VI	Ng├áy tß║ío: ${createdAt.substring(0, 10)}	Text('Ng├áy tß║ío: ${createdAt.substring(0, 10)}', style: TextStyle(fontSize: 10, color: colors.textMuted)),
lib/features/admin/screens/disputes_screen.dart	253	VI	─É├ú ─æ├│ng khiß║┐u nß║íi	content: Text('─É├ú ─æ├│ng khiß║┐u nß║íi'),
lib/features/admin/screens/disputes_screen.dart	261	VI	Lß╗ùi: $e	content: Text('Lß╗ùi: $e'),
lib/features/admin/screens/pending_clubs_screen.dart	26	VI	Duyß╗çt CLB	title: const Text('Duyß╗çt CLB', style: TextStyle(fontWeight: FontWeight.w900, fontSize: 20)),
lib/features/admin/screens/pending_clubs_screen.dart	38	VI	Kh├┤ng c├│ CLB n├áo chß╗¥ duyß╗çt	Text('Kh├┤ng c├│ CLB n├áo chß╗¥ duyß╗çt', style: TextStyle(fontSize: 16, fontWeight: FontWeight.w700, color: colors.textPrimary)),
lib/features/admin/screens/pending_clubs_screen.dart	40	VI	Tß║Ñt cß║ú CLB ─æ├ú ─æ╞░ß╗úc x├⌐t duyß╗çt	Text('Tß║Ñt cß║ú CLB ─æ├ú ─æ╞░ß╗úc x├⌐t duyß╗çt', style: TextStyle(fontSize: 13, color: colors.textSecondary)),
lib/features/admin/screens/pending_clubs_screen.dart	60	VI	Lß╗ùi tß║úi danh s├ích	Text('Lß╗ùi tß║úi danh s├ích', style: TextStyle(fontSize: 16, fontWeight: FontWeight.w700, color: colors.textPrimary)),
lib/features/admin/screens/pending_clubs_screen.dart	62	VI	Thß╗¡ lß║íi	FilledButton(onPressed: () => ref.invalidate(pendingCommunitiesProvider), child: const Text('Thß╗¡ lß║íi')),
lib/features/admin/screens/pending_clubs_screen.dart	119	VI	${club.memberCount} th├ánh vi├¬n	Text('${club.memberCount} th├ánh vi├¬n', style: TextStyle(fontSize: 11, color: colors.textMuted)),
lib/features/admin/screens/pending_clubs_screen.dart	124	VI	Chß╗¥ duyß╗çt	child: const Text('Chß╗¥ duyß╗çt', style: TextStyle(fontSize: 9, fontWeight: FontWeight.w800, color: Color(0xFFF59E0B))),
lib/features/admin/screens/pending_clubs_screen.dart	140	VI	─É├ú duyß╗çt CLB	content: Text('─É├ú duyß╗çt CLB'), backgroundColor: Color(0xFF10B981), behavior: SnackBarBehavior.floating,
lib/features/admin/screens/pending_clubs_screen.dart	144	VI	Lß╗ùi: $e	if (context.mounted) ScaffoldMessenger.of(context).showSnackBar(SnackBar(content: Text('Lß╗ùi: $e'), backgroundColor: Colors.red));
lib/features/admin/screens/pending_clubs_screen.dart	155	VI	Duyß╗çt	Text('Duyß╗çt', style: TextStyle(color: Colors.white, fontWeight: FontWeight.w800, fontSize: 14)),
lib/features/admin/screens/pending_clubs_screen.dart	177	VI	Tß╗½ chß╗æi	Text('Tß╗½ chß╗æi', style: TextStyle(color: colors.textSecondary, fontWeight: FontWeight.w700, fontSize: 14)),
lib/features/admin/screens/pending_clubs_screen.dart	200	VI	Tß╗½ chß╗æi CLB	Text('Tß╗½ chß╗æi CLB', style: TextStyle(color: colors.textPrimary, fontWeight: FontWeight.w700, fontSize: 18)),
lib/features/admin/screens/pending_clubs_screen.dart	206	VI	Tß╗½ chß╗æi "${club.name}"?	Text('Tß╗½ chß╗æi "${club.name}"?', style: TextStyle(color: colors.textPrimary, fontSize: 15)),
lib/features/admin/screens/pending_clubs_screen.dart	214	VI	L├╜ do tß╗½ chß╗æi (bß║»t buß╗Öc)	hintText: 'L├╜ do tß╗½ chß╗æi (bß║»t buß╗Öc)',
lib/features/admin/screens/pending_clubs_screen.dart	224	VI	Hß╗ºy	TextButton(onPressed: () => Navigator.pop(ctx), child: const Text('Hß╗ºy')),
lib/features/admin/screens/pending_clubs_screen.dart	235	VI	─É├ú tß╗½ chß╗æi CLB	content: Text('─É├ú tß╗½ chß╗æi CLB'), backgroundColor: Colors.orange, behavior: SnackBarBehavior.floating,
lib/features/admin/screens/pending_clubs_screen.dart	239	VI	Lß╗ùi: $e	if (context.mounted) ScaffoldMessenger.of(context).showSnackBar(SnackBar(content: Text('Lß╗ùi: $e'), backgroundColor: Colors.red));
lib/features/admin/screens/pending_clubs_screen.dart	243	VI	X├íc nhß║¡n tß╗½ chß╗æi	child: const Text('X├íc nhß║¡n tß╗½ chß╗æi', style: TextStyle(color: Colors.white)),
lib/features/admin/screens/transactions_screen.dart	39	VI	Lß╗ïch sß╗¡ giao dß╗ïch	title: const Text('Lß╗ïch sß╗¡ giao dß╗ïch', style: TextStyle(fontWeight: FontWeight.w900, fontSize: 20)),
lib/features/admin/screens/transactions_screen.dart	114	VI	Kh├┤ng c├│ giao dß╗ïch n├áo	Text('Kh├┤ng c├│ giao dß╗ïch n├áo', style: TextStyle(fontSize: 16, fontWeight: FontWeight.w700, color: colors.textPrimary)),
lib/features/admin/screens/transactions_screen.dart	134	VI	Lß╗ùi tß║úi dß╗» liß╗çu	Text('Lß╗ùi tß║úi dß╗» liß╗çu', style: TextStyle(fontSize: 16, fontWeight: FontWeight.w700, color: colors.textPrimary)),
lib/features/admin/screens/transactions_screen.dart	206	OTHER	$userName ΓÇó $gateway	Text('$userName ΓÇó $gateway', style: TextStyle(fontSize: 11, color: colors.textMuted)),
lib/features/admin/screens/transactions_screen.dart	213	VI	${fmt.format(amount.ceil())}─æ	Text('${fmt.format(amount.ceil())}─æ', style: TextStyle(fontSize: 16, fontWeight: FontWeight.w900, color: colors.textPrimary)),
lib/features/admin/screens/transactions_screen.dart	229	VI	M├ú GD: $reference	Text('M├ú GD: $reference', style: TextStyle(fontSize: 10, color: colors.textMuted)),
lib/features/admin/screens/verification_screen.dart	38	VI	X├íc thß╗▒c	title: const Text('X├íc thß╗▒c', style: TextStyle(fontWeight: FontWeight.w900, fontSize: 20)),
lib/features/admin/screens/verification_screen.dart	162	VI	Kh├┤ng c├│ y├¬u cß║ºu x├íc thß╗▒c	Text('Kh├┤ng c├│ y├¬u cß║ºu x├íc thß╗▒c', style: TextStyle(fontSize: 16, fontWeight: FontWeight.w700, color: colors.textPrimary)),
lib/features/admin/screens/verification_screen.dart	182	VI	Lß╗ùi tß║úi dß╗» liß╗çu	Text('Lß╗ùi tß║úi dß╗» liß╗çu', style: TextStyle(fontSize: 16, fontWeight: FontWeight.w700, color: colors.textPrimary)),
lib/features/admin/screens/verification_screen.dart	351	VI	─É├ú x├íc thß╗▒c	content: Text('─É├ú x├íc thß╗▒c'),
lib/features/admin/screens/verification_screen.dart	359	VI	Lß╗ùi: $e	content: Text('Lß╗ùi: $e'),
lib/features/admin/screens/verification_screen.dart	374	VI	Tß╗½ chß╗æi x├íc thß╗▒c	title: const Text('Tß╗½ chß╗æi x├íc thß╗▒c'),
lib/features/admin/screens/verification_screen.dart	381	VI	L├╜ do tß╗½ chß╗æi (bß║»t buß╗Öc)	hintText: 'L├╜ do tß╗½ chß╗æi (bß║»t buß╗Öc)',
lib/features/admin/screens/verification_screen.dart	389	VI	Hß╗ºy	TextButton(onPressed: () => Navigator.pop(ctx, false), child: const Text('Hß╗ºy')),
lib/features/admin/screens/verification_screen.dart	393	VI	Tß╗½ chß╗æi	child: const Text('Tß╗½ chß╗æi', style: TextStyle(color: Colors.white)),
lib/features/admin/screens/verification_screen.dart	410	VI	─É├ú tß╗½ chß╗æi x├íc thß╗▒c	content: Text('─É├ú tß╗½ chß╗æi x├íc thß╗▒c'),
lib/features/admin/screens/verification_screen.dart	418	VI	Lß╗ùi: $e	content: Text('Lß╗ùi: $e'),
lib/features/bracket/screens/auto_draw_screen.dart	96	VI	Bß╗æc th─âm v├á l╞░u th├ánh c├┤ng!	const SnackBar(content: Text('Bß╗æc th─âm v├á l╞░u th├ánh c├┤ng!')),
lib/features/bracket/screens/auto_draw_screen.dart	104	VI	Lß╗ùi: $e	SnackBar(content: Text('Lß╗ùi: $e')),
lib/features/bracket/screens/auto_draw_screen.dart	126	VI	L├ám lß║íi s╞í ─æß╗ô th├ánh c├┤ng!	const SnackBar(content: Text('L├ám lß║íi s╞í ─æß╗ô th├ánh c├┤ng!')),
lib/features/bracket/screens/auto_draw_screen.dart	133	VI	Lß╗ùi: $e	SnackBar(content: Text('Lß╗ùi: $e')),
lib/features/bracket/screens/auto_draw_screen.dart	152	VI	Bß╗æc th─âm & Ph├ón bß║úng	title: const Text('Bß╗æc th─âm & Ph├ón bß║úng'),
lib/features/bracket/screens/auto_draw_screen.dart	159	VI	Lß╗ùi giß║úi ─æß║Ñu	if (tournament == null) return const Center(child: Text('Lß╗ùi giß║úi ─æß║Ñu'));
lib/features/bracket/screens/auto_draw_screen.dart	195	VI	Tß╗òng sß╗æ ─æß╗Öi: ${teams.length}	Text('Tß╗òng sß╗æ ─æß╗Öi: ${teams.length}',
lib/features/bracket/screens/auto_draw_screen.dart	198	VI	Thß╗â thß╗⌐c: $bracketType	Text('Thß╗â thß╗⌐c: $bracketType',
lib/features/bracket/screens/auto_draw_screen.dart	218	VI	L├ám lß║íi s╞í ─æß╗ô	label: const Text('L├ám lß║íi s╞í ─æß╗ô'),
lib/features/bracket/screens/auto_draw_screen.dart	227	VI	Bß╗æc th─âm tß╗▒ ─æß╗Öng	label: const Text('Bß╗æc th─âm tß╗▒ ─æß╗Öng'),
lib/features/bracket/screens/auto_draw_screen.dart	236	VI	Bß╗æc th─âm tß╗½ng ─æß╗Öi	label: const Text('Bß╗æc th─âm tß╗½ng ─æß╗Öi'),
lib/features/bracket/screens/auto_draw_screen.dart	256	VI	Bß╗æc 1 ─æß╗Öi	label: const Text('Bß╗æc 1 ─æß╗Öi'),
lib/features/bracket/screens/auto_draw_screen.dart	273	VI	Hiß╗çn tß║Ñt cß║ú	child: Text('Hiß╗çn tß║Ñt cß║ú', style: TextStyle(color: context.colors.textMuted)),
lib/features/bracket/screens/auto_draw_screen.dart	351	OTHER	VS	child: Text('VS', style: TextStyle(color: context.colors.error, fontWeight: FontWeight.bold)),
lib/features/bracket/screens/auto_draw_screen.dart	374	VI	Nhß║Ñn Bß╗æc th─âm ─æß╗â xem tr╞░ß╗¢c c├íc cß║╖p ─æß║Ñu	child: Text('Nhß║Ñn Bß╗æc th─âm ─æß╗â xem tr╞░ß╗¢c c├íc cß║╖p ─æß║Ñu',
lib/features/bracket/screens/auto_draw_screen.dart	387	VI	L╞░u & Bß║»t ─æß║ºu giß║úi	child: const Text('L╞░u & Bß║»t ─æß║ºu giß║úi'),
lib/features/bracket/screens/auto_draw_screen.dart	394	VI	Lß╗ùi tß║úi trß║¡n ─æß║Ñu: $e	error: (e, _) => Center(child: Text('Lß╗ùi tß║úi trß║¡n ─æß║Ñu: $e')),
lib/features/bracket/screens/auto_draw_screen.dart	398	VI	Lß╗ùi: $e	error: (e, _) => Center(child: Text('Lß╗ùi: $e')),
lib/features/bracket/screens/auto_draw_screen.dart	402	VI	Lß╗ùi: $e	error: (e, _) => Center(child: Text('Lß╗ùi: $e')),
lib/features/bracket/screens/bracket_diagram_screen.dart	137	VI	Quay lß║íi	tooltip: 'Quay lß║íi',
lib/features/bracket/screens/bracket_view_screen.dart	694	VI	T├¼m kiß║┐m theo t├¬n ng╞░ß╗¥i ch╞íi hoß║╖c t├¬n ─æß╗Öi...	hintText: 'T├¼m kiß║┐m theo t├¬n ng╞░ß╗¥i ch╞íi hoß║╖c t├¬n ─æß╗Öi...',
lib/features/bracket/screens/bracket_view_screen.dart	713	VI	TRß║áNG TH├üI:	title: 'TRß║áNG TH├üI:',
lib/features/bracket/screens/bracket_view_screen.dart	717	VI	Trß╗▒c tiß║┐p	label: 'Trß╗▒c tiß║┐p',
lib/features/bracket/screens/bracket_view_screen.dart	725	VI	Ch╞░a ─æß║Ñu	label: 'Ch╞░a ─æß║Ñu',
lib/features/bracket/screens/bracket_view_screen.dart	735	VI	─É├ú xong	label: '─É├ú xong',
lib/features/bracket/screens/bracket_view_screen.dart	749	VI	NH├üNH THI ─Éß║ñU:	title: 'NH├üNH THI ─Éß║ñU:',
lib/features/bracket/screens/bracket_view_screen.dart	753	VI	Nh├ính thß║»ng	label: 'Nh├ính thß║»ng',
lib/features/bracket/screens/bracket_view_screen.dart	763	VI	Nh├ính thua	label: 'Nh├ính thua',
lib/features/bracket/screens/bracket_view_screen.dart	774	VI	GIAI ─ÉOß║áN:	title: 'GIAI ─ÉOß║áN:',
lib/features/bracket/screens/bracket_view_screen.dart	778	VI	V├▓ng bß║úng	label: 'V├▓ng bß║úng',
lib/features/bracket/screens/bracket_view_screen.dart	788	VI	V├▓ng Knockout	label: 'V├▓ng Knockout',
lib/features/bracket/screens/bracket_view_screen.dart	816	VI	Bß║óNG ─Éß║ñU:	title: 'Bß║óNG ─Éß║ñU:',
lib/features/bracket/screens/bracket_view_screen.dart	836	VI	V├ÆNG ─Éß║ñU:	title: 'V├ÆNG ─Éß║ñU:',
lib/features/bracket/widgets/cross_table_view.dart	284	VI	V├▓ng tr╞░ß╗¢c	tooltip: 'V├▓ng tr╞░ß╗¢c',
lib/features/bracket/widgets/cross_table_view.dart	310	VI	V├▓ng tiß║┐p theo	tooltip: 'V├▓ng tiß║┐p theo',
lib/features/bracket/widgets/double_elim_diagram.dart	177	VI	Γû▓ NH├üNH THß║«NG (Winners)	title: 'Γû▓ NH├üNH THß║«NG (Winners)',
lib/features/bracket/widgets/double_elim_diagram.dart	189	VI	Γû╝ NH├üNH THUA (Losers)	title: 'Γû╝ NH├üNH THUA (Losers)',
lib/features/bracket/widgets/double_elim_diagram.dart	190	VI	─Éß╗Öi thua lß║ºn ─æß║ºu - Thua nß╗»a l├á bß╗ï loß║íi	subtitle: '─Éß╗Öi thua lß║ºn ─æß║ºu - Thua nß╗»a l├á bß╗ï loß║íi',
lib/features/bracket/widgets/double_elim_diagram.dart	200	VI	CHUNG Kß║╛T Tß╗öNG	child: _DeRoundHeader(label: 'CHUNG Kß║╛T Tß╗öNG'),
lib/features/bracket/widgets/single_elim_diagram.dart	59	VI	Kh├┤ng thß╗â cß║¡p nhß║¡t vß╗ï tr├¡: $error	SnackBar(content: Text('Kh├┤ng thß╗â cß║¡p nhß║¡t vß╗ï tr├¡: $error')),
lib/features/bracket/widgets/standings_view.dart	64	VI	Ch╞░a c├│ dß╗» liß╗çu bß║úng xß║┐p hß║íng	return const Center(child: Text('Ch╞░a c├│ dß╗» liß╗çu bß║úng xß║┐p hß║íng'));
lib/features/bracket/widgets/standings_view.dart	171	VI	Hß║íng	DataColumn(label: Text('Hß║íng')),
lib/features/bracket/widgets/standings_view.dart	172	VI	─Éß╗Öi	DataColumn(label: Text('─Éß╗Öi')),
lib/features/bracket/widgets/standings_view.dart	173	OTHER	MP	DataColumn(label: Text('MP')),
lib/features/bracket/widgets/standings_view.dart	177	OTHER	GF	DataColumn(label: Text('GF')),
lib/features/bracket/widgets/standings_view.dart	178	OTHER	GA	DataColumn(label: Text('GA')),
lib/features/bracket/widgets/standings_view.dart	179	OTHER	GD	DataColumn(label: Text('GD')),
lib/features/bracket/widgets/standings_view.dart	180	OTHER	Pts	DataColumn(label: Text('Pts')),
lib/features/bracket/widgets/standings_view.dart	183	VI	Hß║íng	DataColumn(label: Text('Hß║íng')),
lib/features/bracket/widgets/standings_view.dart	184	VI	─Éß╗Öi V─ÉV	DataColumn(label: Text('─Éß╗Öi V─ÉV')),
lib/features/bracket/widgets/standings_view.dart	185	VI	Trß║¡n	DataColumn(label: Text('Trß║¡n')),
lib/features/bracket/widgets/standings_view.dart	188	VI	─Éiß╗âm	DataColumn(label: Text('─Éiß╗âm')),
lib/features/bracket/widgets/standings_view.dart	189	VI	Hiß╗çu sß╗æ	DataColumn(label: Text('Hiß╗çu sß╗æ')),
lib/features/bracket/widgets/standings_view.dart	196	OTHER	${st.played}	DataCell(Text('${st.played}')),
lib/features/bracket/widgets/standings_view.dart	197	OTHER	${st.won}	DataCell(Text('${st.won}')),
lib/features/bracket/widgets/standings_view.dart	198	OTHER	${st.drawn}	DataCell(Text('${st.drawn}')),
lib/features/bracket/widgets/standings_view.dart	199	OTHER	${st.lost}	DataCell(Text('${st.lost}')),
lib/features/bracket/widgets/standings_view.dart	200	OTHER	${st.pointsFor}	DataCell(Text('${st.pointsFor}')),
lib/features/bracket/widgets/standings_view.dart	201	OTHER	${st.pointsAgainst}	DataCell(Text('${st.pointsAgainst}')),
lib/features/bracket/widgets/standings_view.dart	216	OTHER	${st.played}	DataCell(Text('${st.played}')),
lib/features/bracket/widgets/standings_view.dart	217	OTHER	${st.won}	DataCell(Text('${st.won}')),
lib/features/bracket/widgets/standings_view.dart	218	OTHER	${st.lost}	DataCell(Text('${st.lost}')),
lib/features/bracket/widgets/standings_view.dart	256	OTHER	${index + 1}	: Text('${index + 1}'),
lib/features/bracket/widgets/standings_view.dart	279	VI	Lß╗ùi: $e	error: (e, _) => Center(child: Text('Lß╗ùi: $e')),
lib/features/chat/screens/chat_detail_screen.dart	210	VI	Tin nhß║»n ─æ├ú bß╗ï thu hß╗ôi	content: 'Tin nhß║»n ─æ├ú bß╗ï thu hß╗ôi',
lib/features/chat/screens/chat_detail_screen.dart	498	VI	Kh├┤ng thß╗â gß╗¡i tin nhß║»n.	content: Text(ErrorParser.parse(e, 'Kh├┤ng thß╗â gß╗¡i tin nhß║»n.')),
lib/features/chat/screens/chat_detail_screen.dart	535	VI	Kh├┤ng thß╗â tß║úi ß║únh l├¬n.	content: Text(ErrorParser.parse(e, 'Kh├┤ng thß╗â tß║úi ß║únh l├¬n.')),
lib/features/chat/screens/chat_detail_screen.dart	686	VI	Thu hß╗ôi tin nhß║»n?	title: const Text('Thu hß╗ôi tin nhß║»n?'),
lib/features/chat/screens/chat_detail_screen.dart	693	VI	Hß╗ºy	child: const Text('Hß╗ºy'),
lib/features/chat/screens/chat_detail_screen.dart	700	VI	Thu hß╗ôi	child: const Text('Thu hß╗ôi'),
lib/features/chat/screens/chat_detail_screen.dart	714	VI	Tin nhß║»n ─æ├ú bß╗ï thu hß╗ôi	content: 'Tin nhß║»n ─æ├ú bß╗ï thu hß╗ôi',
lib/features/chat/screens/chat_detail_screen.dart	772	VI	Xem ng╞░ß╗¥i b├áy tß╗Å cß║úm x├║c	title: const Text('Xem ng╞░ß╗¥i b├áy tß╗Å cß║úm x├║c'),
lib/features/chat/screens/chat_detail_screen.dart	780	VI	Trß║ú lß╗¥i	title: const Text('Trß║ú lß╗¥i'),
lib/features/chat/screens/chat_detail_screen.dart	790	VI	Sao ch├⌐p v─ân bß║ún	title: const Text('Sao ch├⌐p v─ân bß║ún'),
lib/features/chat/screens/chat_detail_screen.dart	796	VI	─É├ú sao ch├⌐p v├áo bß╗Ö nhß╗¢ tß║ím.	content: Text('─É├ú sao ch├⌐p v├áo bß╗Ö nhß╗¢ tß║ím.'),
lib/features/chat/screens/chat_detail_screen.dart	1047	VI	Tß║ío b├¼nh chß╗ìn	tooltip: 'Tß║ío b├¼nh chß╗ìn',
lib/features/chat/screens/chat_detail_screen.dart	1052	VI	T├╣y chß╗ìn & Th├┤ng b├ío	tooltip: 'T├╣y chß╗ìn & Th├┤ng b├ío',
lib/features/chat/screens/chat_detail_screen.dart	1151	VI	Xem tin nhß║»n	tooltip: 'Xem tin nhß║»n',
lib/features/chat/screens/chat_detail_screen.dart	1304	VI	─É├ú xem bß╗ƒi ${p.fullName}	message: '─É├ú xem bß╗ƒi ${p.fullName}',
lib/features/chat/screens/chat_detail_screen.dart	1484	VI	Gß╗¡i ß║únh	tooltip: 'Gß╗¡i ß║únh',
lib/features/chat/screens/chat_detail_screen.dart	1494	VI	Chß╗Ñp ß║únh	tooltip: 'Chß╗Ñp ß║únh',
lib/features/chat/screens/chat_detail_screen.dart	1515	VI	Nhß║»n tin...	hintText: 'Nhß║»n tin...',
lib/features/chat/screens/chat_detail_screen.dart	1544	VI	Gß╗¡i	tooltip: 'Gß╗¡i',
lib/features/chat/screens/chat_detail_screen.dart	1555	VI	Th├¡ch	tooltip: 'Th├¡ch',
lib/features/chat/widgets/chat_image_viewer.dart	112	VI	─É├│ng	tooltip: '─É├│ng',
lib/features/chat/widgets/chat_poll_dialog.dart	61	VI	Vui l├▓ng nhß║¡p c├óu hß╗Åi v├á ├¡t nhß║Ñt 2 ph╞░╞íng ├ín.	const SnackBar(content: Text('Vui l├▓ng nhß║¡p c├óu hß╗Åi v├á ├¡t nhß║Ñt 2 ph╞░╞íng ├ín.')),
lib/features/chat/widgets/chat_poll_dialog.dart	139	VI	─Éß║╖t c├óu hß╗Åi b├¼nh chß╗ìn...	hintText: '─Éß║╖t c├óu hß╗Åi b├¼nh chß╗ìn...',
lib/features/chat/widgets/chat_poll_dialog.dart	169	VI	Lß╗▒a chß╗ìn ${idx + 1}	hintText: 'Lß╗▒a chß╗ìn ${idx + 1}',
lib/features/chat/widgets/chat_poll_dialog.dart	194	VI	Th├¬m lß╗▒a chß╗ìn	label: const Text('Th├¬m lß╗▒a chß╗ìn', style: TextStyle(fontWeight: FontWeight.w600)),
lib/features/chat/widgets/chat_poll_dialog.dart	199	VI	Cho ph├⌐p chß╗ìn nhiß╗üu ph╞░╞íng ├ín	title: const Text('Cho ph├⌐p chß╗ìn nhiß╗üu ph╞░╞íng ├ín', style: TextStyle(fontSize: 14)),
lib/features/chat/widgets/chat_poll_dialog.dart	215	VI	Tß║ío b├¼nh chß╗ìn	child: const Text('Tß║ío b├¼nh chß╗ìn', style: TextStyle(fontWeight: FontWeight.bold, fontSize: 15)),
lib/features/chat/widgets/chat_room_settings_sheet.dart	197	VI	Nhß║¡p t├¬n ph├▓ng chat mß╗¢i...	hintText: 'Nhß║¡p t├¬n ph├▓ng chat mß╗¢i...',
lib/features/chat/widgets/chat_room_settings_sheet.dart	205	VI	Hß╗ºy	child: const Text('Hß╗ºy'),
lib/features/chat/widgets/chat_room_settings_sheet.dart	209	VI	L╞░u	child: const Text('L╞░u'),
lib/features/chat/widgets/chat_room_settings_sheet.dart	252	VI	Kh├┤ng thß╗â tß║úi ß║únh l├¬n.	).showSnackBar(const SnackBar(content: Text('Kh├┤ng thß╗â tß║úi ß║únh l├¬n.')));
lib/features/chat/widgets/chat_room_settings_sheet.dart	267	VI	─É├ú cß║¡p nhß║¡t c├ái ─æß║╖t ph├▓ng chat.	content: Text('─É├ú cß║¡p nhß║¡t c├ái ─æß║╖t ph├▓ng chat.'),
lib/features/chat/widgets/chat_room_settings_sheet.dart	293	VI	X├│a lß╗ïch sß╗¡ cuß╗Öc tr├▓ chuyß╗çn?	title: const Text('X├│a lß╗ïch sß╗¡ cuß╗Öc tr├▓ chuyß╗çn?'),
lib/features/chat/widgets/chat_room_settings_sheet.dart	300	VI	Hß╗ºy	child: const Text('Hß╗ºy'),
lib/features/chat/widgets/chat_room_settings_sheet.dart	307	VI	X├│a lß╗ïch sß╗¡	child: const Text('X├│a lß╗ïch sß╗¡'),
lib/features/chat/widgets/chat_room_settings_sheet.dart	321	VI	─É├ú x├│a lß╗ïch sß╗¡ cuß╗Öc tr├▓ chuyß╗çn ph├¡a bß║ín.	content: Text('─É├ú x├│a lß╗ïch sß╗¡ cuß╗Öc tr├▓ chuyß╗çn ph├¡a bß║ín.'),
lib/features/chat/widgets/chat_room_settings_sheet.dart	361	VI	Th├ánh vi├¬n	subtitle: Text(participant.role ?? 'Th├ánh vi├¬n'),
lib/features/chat/widgets/chat_room_settings_sheet.dart	366	VI	Xem trang c├í nh├ón	title: const Text('Xem trang c├í nh├ón'),
lib/features/chat/widgets/chat_room_settings_sheet.dart	378	VI	Nhß║»n tin ri├¬ng	title: const Text('Nhß║»n tin ri├¬ng'),
lib/features/chat/widgets/chat_room_settings_sheet.dart	415	VI	─É├ú chß║╖n ${participant.fullName}	content: Text('─É├ú chß║╖n ${participant.fullName}'),
lib/features/chat/widgets/chat_room_settings_sheet.dart	768	OTHER	Trang CLB	label: 'Trang CLB',
lib/features/chat/widgets/chat_room_settings_sheet.dart	944	VI	Tß║»t	DropdownMenuItem(value: 0, child: Text('Tß║»t')),
lib/features/chat/widgets/chat_room_settings_sheet.dart	945	OTHER	5s	DropdownMenuItem(value: 5, child: Text('5s')),
lib/features/chat/widgets/chat_room_settings_sheet.dart	946	OTHER	15s	DropdownMenuItem(value: 15, child: Text('15s')),
lib/features/chat/widgets/chat_room_settings_sheet.dart	947	OTHER	30s	DropdownMenuItem(value: 30, child: Text('30s')),
lib/features/chat/widgets/chat_room_settings_sheet.dart	948	OTHER	1p	DropdownMenuItem(value: 60, child: Text('1p')),
lib/features/chat/widgets/chat_room_settings_sheet.dart	974	VI	Tß║Ñt cß║ú tin nhß║»n	title: 'Tß║Ñt cß║ú tin nhß║»n',
lib/features/chat/widgets/chat_room_settings_sheet.dart	975	VI	Nhß║¡n th├┤ng b├ío cho mß╗ìi tin nhß║»n, ß║únh v├á b├¼nh chß╗ìn	subtitle: 'Nhß║¡n th├┤ng b├ío cho mß╗ìi tin nhß║»n, ß║únh v├á b├¼nh chß╗ìn',
lib/features/chat/widgets/chat_room_settings_sheet.dart	985	VI	Chß╗ë khi ─æ╞░ß╗úc nhß║»c t├¬n (@mentions)	title: 'Chß╗ë khi ─æ╞░ß╗úc nhß║»c t├¬n (@mentions)',
lib/features/chat/widgets/chat_room_settings_sheet.dart	986	VI	Chß╗ë th├┤ng b├ío khi ai ─æ├│ nhß║»c ─æß║┐n bß║ín (@bß║ín)	subtitle: 'Chß╗ë th├┤ng b├ío khi ai ─æ├│ nhß║»c ─æß║┐n bß║ín (@bß║ín)',
lib/features/chat/widgets/chat_room_settings_sheet.dart	996	VI	Tß║»t th├┤ng b├ío	title: 'Tß║»t th├┤ng b├ío',
lib/features/chat/widgets/chat_room_settings_sheet.dart	997	VI	Tß║»t to├án bß╗Ö th├┤ng b├ío tß╗½ ph├▓ng chat n├áy	subtitle: 'Tß║»t to├án bß╗Ö th├┤ng b├ío tß╗½ ph├▓ng chat n├áy',
lib/features/chat/widgets/chat_room_settings_sheet.dart	1166	VI	─Éi ─æß║┐n tin nhß║»n	tooltip: '─Éi ─æß║┐n tin nhß║»n',
lib/features/community/screens/club_detail_screen.dart	139	VI	Kh├┤ng thß╗â cß║¡p nhß║¡t c├ái ─æß║╖t th├┤ng b├ío.	const SnackBar(content: Text('Kh├┤ng thß╗â cß║¡p nhß║¡t c├ái ─æß║╖t th├┤ng b├ío.')),
lib/features/community/screens/club_detail_screen.dart	186	VI	Tß║Ñt cß║ú tin nhß║»n	title: 'Tß║Ñt cß║ú tin nhß║»n',
lib/features/community/screens/club_detail_screen.dart	187	VI	Nhß║¡n th├┤ng b├ío cho mß╗ìi tin nhß║»n mß╗¢i (Mß║╖c ─æß╗ïnh)	subtitle: 'Nhß║¡n th├┤ng b├ío cho mß╗ìi tin nhß║»n mß╗¢i (Mß║╖c ─æß╗ïnh)',
lib/features/community/screens/club_detail_screen.dart	199	VI	Chß╗ë khi ─æ╞░ß╗úc @tag	title: 'Chß╗ë khi ─æ╞░ß╗úc @tag',
lib/features/community/screens/club_detail_screen.dart	200	VI	Chß╗ë th├┤ng b├ío khi c├│ ng╞░ß╗¥i nhß║»c t├¬n bß║ín hoß║╖c @all	subtitle: 'Chß╗ë th├┤ng b├ío khi c├│ ng╞░ß╗¥i nhß║»c t├¬n bß║ín hoß║╖c @all',
lib/features/community/screens/club_detail_screen.dart	212	VI	Tß║»t th├┤ng b├ío (Im lß║╖ng)	title: 'Tß║»t th├┤ng b├ío (Im lß║╖ng)',
lib/features/community/screens/club_detail_screen.dart	213	VI	Kh├┤ng nhß║¡n th├┤ng b├ío ─æß║⌐y tß╗½ c├óu lß║íc bß╗Ö n├áy	subtitle: 'Kh├┤ng nhß║¡n th├┤ng b├ío ─æß║⌐y tß╗½ c├óu lß║íc bß╗Ö n├áy',
lib/features/community/screens/club_detail_screen.dart	302	VI	Tr├▓ chuyß╗çn CLB	tooltip: 'Tr├▓ chuyß╗çn CLB',
lib/features/community/screens/club_detail_screen.dart	321	VI	Chia sß║╗	tooltip: 'Chia sß║╗',
lib/features/community/screens/club_detail_screen.dart	490	VI	Quß║ún trß╗ï CLB	tooltip: 'Quß║ún trß╗ï CLB',
lib/features/community/screens/club_detail_screen.dart	801	VI	Rß╗¥i c├óu lß║íc bß╗Ö?	title: const Text('Rß╗¥i c├óu lß║íc bß╗Ö?'),
lib/features/community/screens/club_detail_screen.dart	808	VI	Hß╗ºy	child: const Text('Hß╗ºy'),
lib/features/community/screens/club_detail_screen.dart	812	VI	Rß╗¥i CLB	child: const Text('Rß╗¥i CLB'),
lib/features/community/screens/club_detail_screen.dart	828	VI	─É├ú rß╗¥i c├óu lß║íc bß╗Ö	).showSnackBar(const SnackBar(content: Text('─É├ú rß╗¥i c├óu lß║íc bß╗Ö')));
lib/features/community/screens/club_detail_screen.dart	834	VI	Kh├┤ng thß╗â rß╗¥i c├óu lß║íc bß╗Ö	const SnackBar(content: Text('Kh├┤ng thß╗â rß╗¥i c├óu lß║íc bß╗Ö')),
lib/features/community/screens/club_detail_screen.dart	852	VI	C├óu hß╗Åi tham gia CLB	title: const Text('C├óu hß╗Åi tham gia CLB'),
lib/features/community/screens/club_detail_screen.dart	859	VI	H├úy trß║ú lß╗¥i c├íc c├óu hß╗Åi ─æß╗â gß╗¡i y├¬u cß║ºu tham gia.	const Text('H├úy trß║ú lß╗¥i c├íc c├óu hß╗Åi ─æß╗â gß╗¡i y├¬u cß║ºu tham gia.'),
lib/features/community/screens/club_detail_screen.dart	886	VI	Hß╗ºy	child: const Text('Hß╗ºy'),
lib/features/community/screens/club_detail_screen.dart	896	VI	Gß╗¡i y├¬u cß║ºu	child: const Text('Gß╗¡i y├¬u cß║ºu'),
lib/features/community/screens/club_detail_screen.dart	972	VI	─É├ú tham gia c├óu lß║íc bß╗Ö th├ánh c├┤ng!	content: Text('─É├ú tham gia c├óu lß║íc bß╗Ö th├ánh c├┤ng!'),
lib/features/community/screens/club_detail_screen.dart	1494	VI	Kh├┤ng thß╗â mß╗ƒ li├¬n kß║┐t n├áy.	const SnackBar(content: Text('Kh├┤ng thß╗â mß╗ƒ li├¬n kß║┐t n├áy.')),
lib/features/community/screens/club_detail_screen.dart	1856	VI	X├│a bß╗Ö lß╗ìc	child: const Text('X├│a bß╗Ö lß╗ìc'),
lib/features/community/screens/club_detail_screen.dart	2236	VI	Tß║ío nhanh tr├¬n Web	Text('Tß║ío nhanh tr├¬n Web', style: TextStyle(fontSize: 15, fontWeight: FontWeight.bold, color: colors.textPrimary)),
lib/features/community/screens/club_detail_screen.dart	2238	VI	Form nhanh ─æß║ºy ─æß╗º h╞ín Lite; giß║úi vß║½n thuß╗Öc CLB.	Text('Form nhanh ─æß║ºy ─æß╗º h╞ín Lite; giß║úi vß║½n thuß╗Öc CLB.', style: TextStyle(fontSize: 12, color: colors.textSecondary, height: 1.3)),
lib/features/community/screens/club_detail_screen.dart	2705	OTHER	${l10n.errorPrefix}: $e	content: Text('${l10n.errorPrefix}: $e'),
lib/features/community/screens/club_detail_screen.dart	2904	OTHER	${l10n.errorPrefix}: $e	content: Text('${l10n.errorPrefix}: $e'),
lib/features/community/screens/club_detail_screen.dart	3079	OTHER	${l10n.errorPrefix}: $e	content: Text('${l10n.errorPrefix}: $e'),
lib/features/community/screens/club_detail_screen.dart	3126	OTHER	${l10n.errorPrefix}: $e	content: Text('${l10n.errorPrefix}: $e'),
lib/features/community/screens/club_detail_screen.dart	3174	OTHER	Logo CLB	title: 'Logo CLB',
lib/features/community/screens/club_detail_screen.dart	3181	VI	ß║ónh b├¼a	title: 'ß║ónh b├¼a',
lib/features/community/screens/club_detail_screen.dart	3188	VI	ß║ónh hoß║ít ─æß╗Öng	title: 'ß║ónh hoß║ít ─æß╗Öng',
lib/features/community/screens/club_detail_screen.dart	3225	VI	Th├¬m ß║únh ─æß║ºu ti├¬n	label: const Text('Th├¬m ß║únh ─æß║ºu ti├¬n'),
lib/features/community/screens/club_detail_screen.dart	3252	VI	Th├¬m ß║únh	tooltip: 'Th├¬m ß║únh',
lib/features/community/screens/club_detail_screen.dart	3419	VI	─É├ú th├¬m ß║únh v├áo th╞░ viß╗çn	const SnackBar(content: Text('─É├ú th├¬m ß║únh v├áo th╞░ viß╗çn')),
lib/features/community/screens/club_detail_screen.dart	3425	VI	Kh├┤ng thß╗â th├¬m ß║únh v├áo th╞░ viß╗çn	const SnackBar(content: Text('Kh├┤ng thß╗â th├¬m ß║únh v├áo th╞░ viß╗çn')),
lib/features/community/screens/club_detail_screen.dart	3476	VI	Huß╗╖	child: const Text('Huß╗╖'),
lib/features/community/screens/club_detail_screen.dart	3490	VI	─É├ú xo├í ß║únh khß╗Åi th╞░ viß╗çn	const SnackBar(content: Text('─É├ú xo├í ß║únh khß╗Åi th╞░ viß╗çn')),
lib/features/community/screens/club_detail_screen.dart	3496	VI	Kh├┤ng thß╗â xo├í ß║únh	const SnackBar(content: Text('Kh├┤ng thß╗â xo├í ß║únh')),
lib/features/community/screens/club_detail_screen.dart	3501	VI	Xo├í	child: const Text('Xo├í'),
lib/features/community/screens/club_detail_screen.dart	3605	VI	Sinh hoß║ít CLB	title: 'Sinh hoß║ít CLB',
lib/features/community/screens/club_detail_screen.dart	3606	VI	C├ái ─æß║╖t bß║úng tin, b├¼nh luß║¡n, chat v├á tag th├ánh vi├¬n	subtitle: 'C├ái ─æß║╖t bß║úng tin, b├¼nh luß║¡n, chat v├á tag th├ánh vi├¬n',
lib/features/community/screens/club_detail_screen.dart	3768	VI	Trß║íng th├íi	label: 'Trß║íng th├íi',
lib/features/community/screens/club_detail_screen.dart	3776	VI	Chß║┐ ─æß╗Ö hiß╗ân thß╗ï	label: 'Chß║┐ ─æß╗Ö hiß╗ân thß╗ï',
lib/features/community/screens/club_detail_screen.dart	3788	VI	Ph├▓ng chat nß╗Öi bß╗Ö	label: 'Ph├▓ng chat nß╗Öi bß╗Ö',
lib/features/community/screens/club_detail_screen.dart	3987	VI	T├¬n CLB hiß╗çn tß║íi	decoration: const InputDecoration(labelText: 'T├¬n CLB hiß╗çn tß║íi'),
lib/features/community/screens/club_detail_screen.dart	4039	OTHER	${l10n.errorPrefix}: $e	content: Text('${l10n.errorPrefix}: $e'),
lib/features/community/screens/club_management_screen.dart	158	VI	Kh├┤ng c├│ b├ái viß║┐t chß╗¥ duyß╗çt.	Text('Kh├┤ng c├│ b├ái viß║┐t chß╗¥ duyß╗çt.', style: TextStyle(color: colors.textMuted, fontSize: 12))
lib/features/community/screens/club_management_screen.dart	186	OTHER	REJECTED	Expanded(child: OutlinedButton(onPressed: _isModeratingPost ? null : () => _moderatePost(post, 'REJECTED'), child: const Text('Tß╗½ chß╗æi'))),
lib/features/community/screens/club_management_screen.dart	186	VI	Tß╗½ chß╗æi	Expanded(child: OutlinedButton(onPressed: _isModeratingPost ? null : () => _moderatePost(post, 'REJECTED'), child: const Text('Tß╗½ chß╗æi'))),
lib/features/community/screens/club_management_screen.dart	188	OTHER	PUBLISHED	Expanded(child: FilledButton(onPressed: _isModeratingPost ? null : () => _moderatePost(post, 'PUBLISHED'), child: const Text('Duyß╗çt'))),
lib/features/community/screens/club_management_screen.dart	188	VI	Duyß╗çt	Expanded(child: FilledButton(onPressed: _isModeratingPost ? null : () => _moderatePost(post, 'PUBLISHED'), child: const Text('Duyß╗çt'))),
lib/features/community/screens/club_management_screen.dart	202	OTHER	PUBLISHED	ScaffoldMessenger.of(context).showSnackBar(SnackBar(content: Text(status == 'PUBLISHED' ? '─É├ú duyß╗çt b├ái viß║┐t.' : '─É├ú tß╗½ chß╗æi b├ái viß║┐t.')));
lib/features/community/screens/club_management_screen.dart	202	VI	─É├ú duyß╗çt b├ái viß║┐t.	ScaffoldMessenger.of(context).showSnackBar(SnackBar(content: Text(status == 'PUBLISHED' ? '─É├ú duyß╗çt b├ái viß║┐t.' : '─É├ú tß╗½ chß╗æi b├ái viß║┐t.')));
lib/features/community/screens/club_management_screen.dart	202	VI	─É├ú tß╗½ chß╗æi b├ái viß║┐t.	ScaffoldMessenger.of(context).showSnackBar(SnackBar(content: Text(status == 'PUBLISHED' ? '─É├ú duyß╗çt b├ái viß║┐t.' : '─É├ú tß╗½ chß╗æi b├ái viß║┐t.')));
lib/features/community/screens/club_management_screen.dart	205	VI	Kh├┤ng thß╗â xß╗¡ l├╜ b├ái viß║┐t.	if (mounted) ScaffoldMessenger.of(context).showSnackBar(const SnackBar(content: Text('Kh├┤ng thß╗â xß╗¡ l├╜ b├ái viß║┐t.')));
lib/features/community/screens/club_management_screen.dart	219	VI	Kh├┤ng c├│ b├ío c├ío ─æang chß╗¥ xß╗¡ l├╜.	Text('Kh├┤ng c├│ b├ío c├ío ─æang chß╗¥ xß╗¡ l├╜.', style: TextStyle(color: colors.textMuted, fontSize: 12))
lib/features/community/screens/club_management_screen.dart	242	VI	B├ío c├ío bß╗ƒi ${report.reporterName}${report.reporterEmail == null ?	Text('B├ío c├ío bß╗ƒi ${report.reporterName}${report.reporterEmail == null ? '' : ' ┬╖ ${report.reporterEmail}'}', style: TextStyle(color: colors.textMuted, fontSize: 11)),
lib/features/community/screens/club_management_screen.dart	248	VI	B├ái cß╗ºa ${report.postAuthorName}: ${report.postText}	Text('B├ái cß╗ºa ${report.postAuthorName}: ${report.postText}', maxLines: 3, overflow: TextOverflow.ellipsis, style: TextStyle(color: colors.textSecondary, fontSize: 12)),
lib/features/community/screens/club_management_screen.dart	251	OTHER	DISMISSED	Expanded(child: OutlinedButton(onPressed: () => _updateReport(report, 'DISMISSED'), child: const Text('Bß╗Å qua'))),
lib/features/community/screens/club_management_screen.dart	251	VI	Bß╗Å qua	Expanded(child: OutlinedButton(onPressed: () => _updateReport(report, 'DISMISSED'), child: const Text('Bß╗Å qua'))),
lib/features/community/screens/club_management_screen.dart	253	OTHER	RESOLVED	Expanded(child: FilledButton(onPressed: () => _updateReport(report, 'RESOLVED'), child: const Text('─É├ú xß╗¡ l├╜'))),
lib/features/community/screens/club_management_screen.dart	253	VI	─É├ú xß╗¡ l├╜	Expanded(child: FilledButton(onPressed: () => _updateReport(report, 'RESOLVED'), child: const Text('─É├ú xß╗¡ l├╜'))),
lib/features/community/screens/club_management_screen.dart	264	OTHER	RESOLVED	ScaffoldMessenger.of(context).showSnackBar(SnackBar(content: Text(status == 'RESOLVED' ? '─É├ú ghi nhß║¡n xß╗¡ l├╜ b├ío c├ío.' : '─É├ú bß╗Å qua b├ío c├ío.')));
lib/features/community/screens/club_management_screen.dart	264	VI	─É├ú ghi nhß║¡n xß╗¡ l├╜ b├ío c├ío.	ScaffoldMessenger.of(context).showSnackBar(SnackBar(content: Text(status == 'RESOLVED' ? '─É├ú ghi nhß║¡n xß╗¡ l├╜ b├ío c├ío.' : '─É├ú bß╗Å qua b├ío c├ío.')));
lib/features/community/screens/club_management_screen.dart	264	VI	─É├ú bß╗Å qua b├ío c├ío.	ScaffoldMessenger.of(context).showSnackBar(SnackBar(content: Text(status == 'RESOLVED' ? '─É├ú ghi nhß║¡n xß╗¡ l├╜ b├ío c├ío.' : '─É├ú bß╗Å qua b├ío c├ío.')));
lib/features/community/screens/club_management_screen.dart	269	VI	Kh├┤ng thß╗â cß║¡p nhß║¡t b├ío c├ío: $message	ScaffoldMessenger.of(context).showSnackBar(SnackBar(content: Text('Kh├┤ng thß╗â cß║¡p nhß║¡t b├ío c├ío: $message')));
lib/features/community/screens/club_management_screen.dart	459	VI	Giß║úi Ti├¬u chuß║⌐n	Text('Giß║úi Ti├¬u chuß║⌐n', style: TextStyle(fontSize: 16, color: colors.textPrimary)),
lib/features/community/screens/club_management_screen.dart	469	VI	─É├│ng	child: const Text('─É├│ng'),
lib/features/community/screens/club_management_screen.dart	552	VI	Tß║ío giß║úi ─æß║Ñu mß╗¢i	label: const Text('Tß║ío giß║úi ─æß║Ñu mß╗¢i', style: TextStyle(fontWeight: FontWeight.bold)),
lib/features/community/screens/club_management_screen.dart	654	VI	Xem trang giß║úi	label: const Text('Xem trang giß║úi', style: TextStyle(fontSize: 11.5)),
lib/features/community/screens/club_management_screen.dart	684	VI	Quß║ún l├╜ Lite	label: Text(isQuick ? 'Quß║ún l├╜ Lite' : 'Quß║ún l├╜ giß║úi', style: const TextStyle(fontSize: 11.5, fontWeight: FontWeight.bold)),
lib/features/community/screens/club_management_screen.dart	684	VI	Quß║ún l├╜ giß║úi	label: Text(isQuick ? 'Quß║ún l├╜ Lite' : 'Quß║ún l├╜ giß║úi', style: const TextStyle(fontSize: 11.5, fontWeight: FontWeight.bold)),
lib/features/community/screens/club_management_screen.dart	701	VI	Kh├┤ng thß╗â tß║úi danh s├ích giß║úi: $e	error: (e, st) => Text('Kh├┤ng thß╗â tß║úi danh s├ích giß║úi: $e', style: const TextStyle(color: Colors.red, fontSize: 11)),
lib/features/community/screens/club_management_screen.dart	755	OTHER	APPROVE	content: Text(action == 'APPROVE' ? l10n.club_approvedAlert : l10n.club_rejectedAlert),
lib/features/community/screens/club_management_screen.dart	761	OTHER	${l10n.errorPrefix}: $e	if (mounted) ScaffoldMessenger.of(context).showSnackBar(SnackBar(content: Text('${l10n.errorPrefix}: $e'), backgroundColor: Colors.red));
lib/features/community/screens/club_management_screen.dart	921	OTHER	${l10n.errorPrefix}: $e	if (mounted) ScaffoldMessenger.of(context).showSnackBar(SnackBar(content: Text('${l10n.errorPrefix}: $e'), backgroundColor: Colors.red));
lib/features/community/screens/club_management_screen.dart	966	OTHER	${l10n.errorPrefix}: $e	ScaffoldMessenger.of(context).showSnackBar(SnackBar(content: Text('${l10n.errorPrefix}: $e'), backgroundColor: Colors.red));
lib/features/community/screens/club_management_screen.dart	1026	OTHER	${l10n.errorPrefix}: $e	ScaffoldMessenger.of(context).showSnackBar(SnackBar(content: Text('${l10n.errorPrefix}: $e'), backgroundColor: Colors.red));
lib/features/community/screens/create_club_screen.dart	126	VI	Vui l├▓ng chß╗ìn tß╗ënh/th├ánh phß╗æ	const SnackBar(content: Text('Vui l├▓ng chß╗ìn tß╗ënh/th├ánh phß╗æ')),
lib/features/community/screens/create_club_screen.dart	177	VI	Tß║ío c├óu lß║íc bß╗Ö th├ánh c├┤ng!	content: Text('Tß║ío c├óu lß║íc bß╗Ö th├ánh c├┤ng!'),
lib/features/community/screens/create_club_screen.dart	189	VI	Lß╗ùi: ${e.toString().replaceAll(	content: Text('Lß╗ùi: ${e.toString().replaceAll('Exception: ', '')}'),
lib/features/community/screens/create_club_screen.dart	189	OTHER	)}	content: Text('Lß╗ùi: ${e.toString().replaceAll('Exception: ', '')}'),
lib/features/community/screens/create_club_screen.dart	215	VI	Chß╗ìn ß║únh b├¼a	Text(banner ? 'Chß╗ìn ß║únh b├¼a' : 'Chß╗ìn logo / avatar', style: TextStyle(fontSize: 16, fontWeight: FontWeight.w700, color: context.colors.textPrimary)),
lib/features/community/screens/create_club_screen.dart	215	VI	Chß╗ìn logo / avatar	Text(banner ? 'Chß╗ìn ß║únh b├¼a' : 'Chß╗ìn logo / avatar', style: TextStyle(fontSize: 16, fontWeight: FontWeight.w700, color: context.colors.textPrimary)),
lib/features/community/screens/create_club_screen.dart	222	VI	Th╞░ viß╗çn ß║únh	label: 'Th╞░ viß╗çn ß║únh',
lib/features/community/screens/create_club_screen.dart	229	VI	Chß╗Ñp ß║únh	label: 'Chß╗Ñp ß║únh',
lib/features/community/screens/create_club_screen.dart	302	OTHER	Bad state:	SnackBar(content: Text(e.toString().replaceFirst('Bad state: ', ''))),
lib/features/community/screens/create_club_screen.dart	362	VI	VD: CLB Cß║ºu l├┤ng ABC	hintText: 'VD: CLB Cß║ºu l├┤ng ABC',
lib/features/community/screens/create_club_screen.dart	381	VI	Giß╗¢i thiß╗çu vß╗ü c├óu lß║íc bß╗Ö...	hintText: 'Giß╗¢i thiß╗çu vß╗ü c├óu lß║íc bß╗Ö...',
lib/features/community/screens/create_club_screen.dart	395	VI	1. T├┤n trß╗ìng lß║½n nhau\n2. ─É├║ng giß╗¥...	hintText: '1. T├┤n trß╗ìng lß║½n nhau\n2. ─É├║ng giß╗¥...',
lib/features/community/screens/create_club_screen.dart	407	VI	VD: 3/9 Th├ánh Th├íi, Ph╞░ß╗¥ng Di├¬n Hß╗ông, TP.HCM	hintText: 'VD: 3/9 Th├ánh Th├íi, Ph╞░ß╗¥ng Di├¬n Hß╗ông, TP.HCM',
lib/features/community/screens/create_club_screen.dart	511	VI	Tß╗ënh/th├ánh phß╗æ *	decoration: const InputDecoration(labelText: 'Tß╗ënh/th├ánh phß╗æ *'),
lib/features/community/screens/create_club_screen.dart	521	VI	Kh├┤ng tß║úi ─æ╞░ß╗úc tß╗ënh/th├ánh	error: (e, s) => Text('Kh├┤ng tß║úi ─æ╞░ß╗úc tß╗ënh/th├ánh', style: TextStyle(color: colors.error, fontSize: 11)),
lib/features/community/screens/create_club_screen.dart	530	VI	Ph╞░ß╗¥ng/x├ú	decoration: const InputDecoration(labelText: 'Ph╞░ß╗¥ng/x├ú'),
lib/features/community/screens/create_club_screen.dart	537	VI	Kh├┤ng tß║úi ─æ╞░ß╗úc ph╞░ß╗¥ng/x├ú	error: (e, s) => Text('Kh├┤ng tß║úi ─æ╞░ß╗úc ph╞░ß╗¥ng/x├ú', style: TextStyle(color: colors.error, fontSize: 11)),
lib/features/community/screens/create_club_screen.dart	548	OTHER	Logo / avatar	title: 'Logo / avatar',
lib/features/community/screens/create_club_screen.dart	556	VI	ß║ónh b├¼a	title: 'ß║ónh b├¼a',
lib/features/community/screens/create_club_screen.dart	610	VI	Gß╗í ß║únh	child: const Text('Gß╗í ß║únh', style: TextStyle(fontSize: 11)),
lib/features/community/screens/create_club_screen.dart	624	VI	C├óu hß╗Åi xin v├áo (tß╗æi ─æa 5)	Text('C├óu hß╗Åi xin v├áo (tß╗æi ─æa 5)', style: TextStyle(fontSize: 12, fontWeight: FontWeight.w700, color: colors.textPrimary)),
lib/features/community/screens/create_club_screen.dart	634	VI	V├¡ dß╗Ñ: Bß║ín ─æang ch╞íi ß╗ƒ tr├¼nh ─æß╗Ö n├áo?	Expanded(child: TextField(controller: _questionCtrl, maxLength: 255, decoration: const InputDecoration(hintText: 'V├¡ dß╗Ñ: Bß║ín ─æang ch╞íi ß╗ƒ tr├¼nh ─æß╗Ö n├áo?'))),
lib/features/community/screens/create_club_tournament_screen.dart	177	VI	Kh├┤ng thß╗â mß╗ƒ trang quß║ún l├╜ tr├¬n web.	ScaffoldMessenger.of(context).showSnackBar(const SnackBar(content: Text('Kh├┤ng thß╗â mß╗ƒ trang quß║ún l├╜ tr├¬n web.')));
lib/features/community/screens/create_club_tournament_screen.dart	272	VI	VD: Giß║úi Cß║ºu l├┤ng Mß╗ƒ rß╗Öng 2026	hintText: 'VD: Giß║úi Cß║ºu l├┤ng Mß╗ƒ rß╗Öng 2026',
lib/features/community/screens/create_club_tournament_screen.dart	304	VI	Chß╗ìn ng├áy bß║»t ─æß║ºu giß║úi	hintText: 'Chß╗ìn ng├áy bß║»t ─æß║ºu giß║úi',
lib/features/community/screens/create_club_tournament_screen.dart	310	VI	X├│a ng├áy	tooltip: 'X├│a ng├áy',
lib/features/community/screens/create_club_tournament_screen.dart	349	VI	Tß╗▒ ─æß╗Öng tß║ío giß║úi ─æß╗ïnh kß╗│	Text('Tß╗▒ ─æß╗Öng tß║ío giß║úi ─æß╗ïnh kß╗│', style: TextStyle(fontSize: 14, fontWeight: FontWeight.w700, color: colors.textPrimary)),
lib/features/community/screens/create_club_tournament_screen.dart	351	VI	Cron sß║╜ tß╗▒ tß║ío giß║úi mß╗¢i v├á b├ío cho th├ánh vi├¬n CLB.	Text('Cron sß║╜ tß╗▒ tß║ío giß║úi mß╗¢i v├á b├ío cho th├ánh vi├¬n CLB.', style: TextStyle(fontSize: 11, color: colors.textMuted, height: 1.3)),
lib/features/community/screens/create_club_tournament_screen.dart	362	VI	Tß║ºn suß║Ñt	decoration: const InputDecoration(labelText: 'Tß║ºn suß║Ñt'),
lib/features/community/screens/create_club_tournament_screen.dart	364	OTHER	DAILY	DropdownMenuItem(value: 'DAILY', child: Text('Mß╗ùi ng├áy')),
lib/features/community/screens/create_club_tournament_screen.dart	364	VI	Mß╗ùi ng├áy	DropdownMenuItem(value: 'DAILY', child: Text('Mß╗ùi ng├áy')),
lib/features/community/screens/create_club_tournament_screen.dart	365	OTHER	WEEKLY	DropdownMenuItem(value: 'WEEKLY', child: Text('Mß╗ùi tuß║ºn')),
lib/features/community/screens/create_club_tournament_screen.dart	365	VI	Mß╗ùi tuß║ºn	DropdownMenuItem(value: 'WEEKLY', child: Text('Mß╗ùi tuß║ºn')),
lib/features/community/screens/create_club_tournament_screen.dart	366	OTHER	BIWEEKLY	DropdownMenuItem(value: 'BIWEEKLY', child: Text('Mß╗ùi 2 tuß║ºn')),
lib/features/community/screens/create_club_tournament_screen.dart	366	VI	Mß╗ùi 2 tuß║ºn	DropdownMenuItem(value: 'BIWEEKLY', child: Text('Mß╗ùi 2 tuß║ºn')),
lib/features/community/screens/create_club_tournament_screen.dart	367	OTHER	MONTHLY	DropdownMenuItem(value: 'MONTHLY', child: Text('Mß╗ùi th├íng')),
lib/features/community/screens/create_club_tournament_screen.dart	367	VI	Mß╗ùi th├íng	DropdownMenuItem(value: 'MONTHLY', child: Text('Mß╗ùi th├íng')),
lib/features/community/screens/create_club_tournament_screen.dart	375	VI	Ng├áy trong tuß║ºn	decoration: const InputDecoration(labelText: 'Ng├áy trong tuß║ºn'),
lib/features/community/screens/create_club_tournament_screen.dart	377	VI	Thß╗⌐ 2	DropdownMenuItem(value: 1, child: Text('Thß╗⌐ 2')),
lib/features/community/screens/create_club_tournament_screen.dart	378	VI	Thß╗⌐ 3	DropdownMenuItem(value: 2, child: Text('Thß╗⌐ 3')),
lib/features/community/screens/create_club_tournament_screen.dart	379	VI	Thß╗⌐ 4	DropdownMenuItem(value: 3, child: Text('Thß╗⌐ 4')),
lib/features/community/screens/create_club_tournament_screen.dart	380	VI	Thß╗⌐ 5	DropdownMenuItem(value: 4, child: Text('Thß╗⌐ 5')),
lib/features/community/screens/create_club_tournament_screen.dart	381	VI	Thß╗⌐ 6	DropdownMenuItem(value: 5, child: Text('Thß╗⌐ 6')),
lib/features/community/screens/create_club_tournament_screen.dart	382	VI	Thß╗⌐ 7	DropdownMenuItem(value: 6, child: Text('Thß╗⌐ 7')),
lib/features/community/screens/create_club_tournament_screen.dart	383	VI	Chß╗º nhß║¡t	DropdownMenuItem(value: 0, child: Text('Chß╗º nhß║¡t')),
lib/features/community/screens/create_club_tournament_screen.dart	393	VI	Giß╗¥ tß╗▒ ─æß╗Öng tß║ío	decoration: const InputDecoration(labelText: 'Giß╗¥ tß╗▒ ─æß╗Öng tß║ío'),
lib/features/community/screens/create_club_tournament_screen.dart	404	VI	Tß║ío tr╞░ß╗¢c ng├áy thi ─æß║Ñu	decoration: const InputDecoration(labelText: 'Tß║ío tr╞░ß╗¢c ng├áy thi ─æß║Ñu'),
lib/features/community/screens/create_club_tournament_screen.dart	405	VI	Ngay ng├áy thi ─æß║Ñu	items: List.generate(8, (days) => DropdownMenuItem(value: days, child: Text(days == 0 ? 'Ngay ng├áy thi ─æß║Ñu' : 'Tr╞░ß╗¢c $days ng├áy'))),
lib/features/community/screens/create_club_tournament_screen.dart	405	VI	Tr╞░ß╗¢c $days ng├áy	items: List.generate(8, (days) => DropdownMenuItem(value: days, child: Text(days == 0 ? 'Ngay ng├áy thi ─æß║Ñu' : 'Tr╞░ß╗¢c $days ng├áy'))),
lib/features/community/screens/create_club_tournament_screen.dart	427	OTHER	16	hintText: '16',
lib/features/community/screens/create_club_tournament_screen.dart	441	VI	Th├┤ng tin th├¬m vß╗ü giß║úi ─æß║Ñu...	hintText: 'Th├┤ng tin th├¬m vß╗ü giß║úi ─æß║Ñu...',
lib/features/community/screens/create_club_tournament_screen.dart	761	VI	─É├ú sao ch├⌐p link mß╗¥i!	content: Text('─É├ú sao ch├⌐p link mß╗¥i!'),
lib/features/community/screens/create_club_tournament_screen.dart	767	VI	Sao ch├⌐p link	label: const Text('Sao ch├⌐p link', style: TextStyle(fontSize: 13)),
lib/features/community/screens/create_club_tournament_screen.dart	785	VI	Chia sß║╗	label: const Text('Chia sß║╗', style: TextStyle(fontSize: 13)),
lib/features/community/screens/edit_club_screen.dart	108	VI	Chß╗Ñp ß║únh mß╗¢i	title: const Text('Chß╗Ñp ß║únh mß╗¢i'),
lib/features/community/screens/edit_club_screen.dart	116	VI	Chß╗ìn tß╗½ th╞░ viß╗çn	title: const Text('Chß╗ìn tß╗½ th╞░ viß╗çn'),
lib/features/community/screens/edit_club_screen.dart	157	VI	Kh├┤ng thß╗â cß║¡p nhß║¡t ß║únh CLB	const SnackBar(content: Text('Kh├┤ng thß╗â cß║¡p nhß║¡t ß║únh CLB')),
lib/features/community/screens/edit_club_screen.dart	170	VI	C├óu lß║íc bß╗Ö phß║úi c├│ ─æ├║ng 1 m├┤n thß╗â thao ch├¡nh.	content: Text('C├óu lß║íc bß╗Ö phß║úi c├│ ─æ├║ng 1 m├┤n thß╗â thao ch├¡nh.'),
lib/features/community/screens/edit_club_screen.dart	177	VI	Vui l├▓ng chß╗ìn tß╗ënh/th├ánh phß╗æ.	const SnackBar(content: Text('Vui l├▓ng chß╗ìn tß╗ënh/th├ánh phß╗æ.')),
lib/features/community/screens/edit_club_screen.dart	211	VI	Cß║¡p nhß║¡t c├ái ─æß║╖t c├óu lß║íc bß╗Ö th├ánh c├┤ng!	content: const Text('Cß║¡p nhß║¡t c├ái ─æß║╖t c├óu lß║íc bß╗Ö th├ánh c├┤ng!'),
lib/features/community/screens/edit_club_screen.dart	228	VI	Lß╗ùi: ${e.toString().replaceAll(	content: Text('Lß╗ùi: ${e.toString().replaceAll('Exception: ', '')}'),
lib/features/community/screens/edit_club_screen.dart	228	OTHER	)}	content: Text('Lß╗ùi: ${e.toString().replaceAll('Exception: ', '')}'),
lib/features/community/screens/edit_club_screen.dart	310	VI	H├îNH ß║óNH & NHß║¼N DIß╗åN	title: 'H├îNH ß║óNH & NHß║¼N DIß╗åN',
lib/features/community/screens/edit_club_screen.dart	311	VI	Logo v├á ß║únh b├¼a ─æß║íi diß╗çn cho c├óu lß║íc bß╗Ö tr├¬n hß╗ç thß╗æng	subtitle: 'Logo v├á ß║únh b├¼a ─æß║íi diß╗çn cho c├óu lß║íc bß╗Ö tr├¬n hß╗ç thß╗æng',
lib/features/community/screens/edit_club_screen.dart	319	OTHER	Logo CLB	title: 'Logo CLB',
lib/features/community/screens/edit_club_screen.dart	331	VI	ß║ónh b├¼a	title: 'ß║ónh b├¼a',
lib/features/community/screens/edit_club_screen.dart	346	VI	TH├öNG TIN C╞á Bß║óN	title: 'TH├öNG TIN C╞á Bß║óN',
lib/features/community/screens/edit_club_screen.dart	347	VI	T├¬n, m├┤n thß╗â thao ch├¡nh v├á giß╗¢i thiß╗çu c├óu lß║íc bß╗Ö	subtitle: 'T├¬n, m├┤n thß╗â thao ch├¡nh v├á giß╗¢i thiß╗çu c├óu lß║íc bß╗Ö',
lib/features/community/screens/edit_club_screen.dart	392	VI	─Éß╗èA ─ÉIß╗éM & KHU Vß╗░C HOß║áT ─Éß╗ÿNG	title: '─Éß╗èA ─ÉIß╗éM & KHU Vß╗░C HOß║áT ─Éß╗ÿNG',
lib/features/community/screens/edit_club_screen.dart	393	VI	Khu vß╗▒c h├ánh ch├¡nh v├á ─æß╗ïa chß╗ë s├ón sinh hoß║ít	subtitle: 'Khu vß╗▒c h├ánh ch├¡nh v├á ─æß╗ïa chß╗ë s├ón sinh hoß║ít',
lib/features/community/screens/edit_club_screen.dart	421	VI	QUYß╗ÇN RI├èNG T╞» & TH├ÇNH VI├èN	title: 'QUYß╗ÇN RI├èNG T╞» & TH├ÇNH VI├èN',
lib/features/community/screens/edit_club_screen.dart	422	VI	Quy chß║┐ x├⌐t duyß╗çt, giß╗¢i hß║ín sß╗æ l╞░ß╗úng v├á nß╗Öi quy	subtitle: 'Quy chß║┐ x├⌐t duyß╗çt, giß╗¢i hß║ín sß╗æ l╞░ß╗úng v├á nß╗Öi quy',
lib/features/community/screens/edit_club_screen.dart	466	VI	C├éU Hß╗ÄI X├ëT DUYß╗åT ─É╞áN	title: 'C├éU Hß╗ÄI X├ëT DUYß╗åT ─É╞áN',
lib/features/community/screens/edit_club_screen.dart	467	VI	Ng╞░ß╗¥i xin gia nhß║¡p phß║úi trß║ú lß╗¥i c├óu hß╗Åi n├áy ─æß╗â BQT duyß╗çt	subtitle: 'Ng╞░ß╗¥i xin gia nhß║¡p phß║úi trß║ú lß╗¥i c├óu hß╗Åi n├áy ─æß╗â BQT duyß╗çt',
lib/features/community/screens/edit_club_screen.dart	498	VI	Th├¬m c├óu hß╗Åi	tooltip: 'Th├¬m c├óu hß╗Åi',
lib/features/community/screens/edit_club_screen.dart	555	VI	Mß║áNG X├â Hß╗ÿI & K├èNH LI├èN Hß╗å	title: 'Mß║áNG X├â Hß╗ÿI & K├èNH LI├èN Hß╗å',
lib/features/community/screens/edit_club_screen.dart	556	VI	Li├¬n kß║┐t Facebook, Zalo, Tiktok... cß╗ºa c├óu lß║íc bß╗Ö	subtitle: 'Li├¬n kß║┐t Facebook, Zalo, Tiktok... cß╗ºa c├óu lß║íc bß╗Ö',
lib/features/community/screens/edit_club_screen.dart	819	VI	Xo├í v─⌐nh viß╗àn c├óu lß║íc bß╗Ö	title: const Text('Xo├í v─⌐nh viß╗àn c├óu lß║íc bß╗Ö'),
lib/features/community/screens/edit_club_screen.dart	829	VI	Nhß║¡p t├¬n c├óu lß║íc bß╗Ö $expected ─æß╗â x├íc nhß║¡n:	Text('Nhß║¡p t├¬n c├óu lß║íc bß╗Ö $expected ─æß╗â x├íc nhß║¡n:'),
lib/features/community/screens/edit_club_screen.dart	835	VI	T├¬n c├óu lß║íc bß╗Ö	labelText: 'T├¬n c├óu lß║íc bß╗Ö',
lib/features/community/screens/edit_club_screen.dart	843	VI	Huß╗╖	child: const Text('Huß╗╖'),
lib/features/community/screens/edit_club_screen.dart	853	VI	Xo├í v─⌐nh viß╗àn	child: const Text('Xo├í v─⌐nh viß╗àn'),
lib/features/community/screens/edit_club_screen.dart	867	VI	─É├ú xo├í c├óu lß║íc bß╗Ö th├ánh c├┤ng.	const SnackBar(content: Text('─É├ú xo├í c├óu lß║íc bß╗Ö th├ánh c├┤ng.')),
lib/features/community/screens/edit_club_screen.dart	1012	VI	Thß╗¡ lß║íi	FilledButton(onPressed: onRetry, child: const Text('Thß╗¡ lß║íi')),
lib/features/community/social/club_chat_screen.dart	123	VI	Kh├┤ng thß╗â cß║¡p nhß║¡t c├ái ─æß║╖t th├┤ng b├ío.	content: Text('Kh├┤ng thß╗â cß║¡p nhß║¡t c├ái ─æß║╖t th├┤ng b├ío.'),
lib/features/community/social/club_chat_screen.dart	181	VI	Tß║Ñt cß║ú tin nhß║»n	title: 'Tß║Ñt cß║ú tin nhß║»n',
lib/features/community/social/club_chat_screen.dart	195	VI	Chß╗ë khi ─æ╞░ß╗úc @tag	title: 'Chß╗ë khi ─æ╞░ß╗úc @tag',
lib/features/community/social/club_chat_screen.dart	209	VI	Tß║»t th├┤ng b├ío (Im lß║╖ng)	title: 'Tß║»t th├┤ng b├ío (Im lß║╖ng)',
lib/features/community/social/club_chat_screen.dart	210	VI	Kh├┤ng nhß║¡n th├┤ng b├ío ─æß║⌐y tß╗½ c├óu lß║íc bß╗Ö n├áy	subtitle: 'Kh├┤ng nhß║¡n th├┤ng b├ío ─æß║⌐y tß╗½ c├óu lß║íc bß╗Ö n├áy',
lib/features/community/social/club_chat_screen.dart	357	VI	─É├ú x├│a to├án bß╗Ö lß╗ïch sß╗¡ ─æoß║ín chat.	const SnackBar(content: Text('─É├ú x├│a to├án bß╗Ö lß╗ïch sß╗¡ ─æoß║ín chat.')),
lib/features/community/social/club_chat_screen.dart	363	VI	Kh├┤ng thß╗â x├│a lß╗ïch sß╗¡ ─æoß║ín chat l├║c n├áy.	content: Text('Kh├┤ng thß╗â x├│a lß╗ïch sß╗¡ ─æoß║ín chat l├║c n├áy.'),
lib/features/community/social/club_chat_screen.dart	595	VI	Gß╗¡i tin nhß║»n thß║Ñt bß║íi.	).showSnackBar(const SnackBar(content: Text('Gß╗¡i tin nhß║»n thß║Ñt bß║íi.')));
lib/features/community/social/club_chat_screen.dart	619	VI	Kh├┤ng thß╗â tß║úi ß║únh l├¬n.	).showSnackBar(const SnackBar(content: Text('Kh├┤ng thß╗â tß║úi ß║únh l├¬n.')));
lib/features/community/social/club_chat_screen.dart	636	VI	Kh├┤ng thß╗â thu hß╗ôi tin nhß║»n.	const SnackBar(content: Text('Kh├┤ng thß╗â thu hß╗ôi tin nhß║»n.')),
lib/features/community/social/club_chat_screen.dart	653	VI	─É├ú ghim tin nhß║»n.	).showSnackBar(const SnackBar(content: Text('─É├ú ghim tin nhß║»n.')));
lib/features/community/social/club_chat_screen.dart	658	VI	Kh├┤ng thß╗â ghim tin nhß║»n.	const SnackBar(content: Text('Kh├┤ng thß╗â ghim tin nhß║»n.')),
lib/features/community/social/club_chat_screen.dart	677	VI	Chß╗º CLB	PresetTagChip(label: 'Chß╗º CLB', color: context.colors.warning)
lib/features/community/social/club_chat_screen.dart	679	VI	Quß║ún trß╗ï	PresetTagChip(label: 'Quß║ún trß╗ï', color: AppTheme.primary),
lib/features/community/social/club_chat_screen.dart	696	VI	Trß║ú lß╗¥i	title: const Text('Trß║ú lß╗¥i'),
lib/features/community/social/club_chat_screen.dart	705	VI	Sao ch├⌐p	title: const Text('Sao ch├⌐p'),
lib/features/community/social/club_chat_screen.dart	713	VI	Ghim tin nhß║»n	title: const Text('Ghim tin nhß║»n'),
lib/features/community/social/club_chat_screen.dart	723	VI	Thu hß╗ôi	title: const Text('Thu hß╗ôi'),
lib/features/community/social/club_chat_screen.dart	790	VI	Ph├▓ng chat c├│ tin nhß║»n vß╗½a ─æ╞░ß╗úc ghim.	const SnackBar(content: Text('Ph├▓ng chat c├│ tin nhß║»n vß╗½a ─æ╞░ß╗úc ghim.')),
lib/features/community/social/club_chat_screen.dart	822	VI	Kh├┤ng thß╗â thß║ú cß║úm x├║c l├║c n├áy.	const SnackBar(content: Text('Kh├┤ng thß╗â thß║ú cß║úm x├║c l├║c n├áy.')),
lib/features/community/social/club_chat_screen.dart	915	VI	─Éang nhß║¡pΓÇª	child: Text('─Éang nhß║¡pΓÇª', style: TextStyle(fontSize: 11)),
lib/features/community/social/club_chat_screen.dart	928	VI	Ch╞░a c├│ tin nhß║»n n├áo.	return const Center(child: Text('Ch╞░a c├│ tin nhß║»n n├áo.'));
lib/features/community/social/club_chat_screen.dart	1040	VI	Thß║ú tim	tooltip: 'Thß║ú tim',
lib/features/community/social/club_chat_screen.dart	1107	VI	Trß║ú lß╗¥i ${_replyingTo!.senderName}	title: Text('Trß║ú lß╗¥i ${_replyingTo!.senderName}'),
lib/features/community/social/club_chat_screen.dart	1148	VI	Nhß║»n trong CLB	hintText: 'Nhß║»n trong CLB',
lib/features/community/social/community_social_screen.dart	136	VI	X├│a b├ái viß║┐t?	title: const Text('X├│a b├ái viß║┐t?'),
lib/features/community/social/community_social_screen.dart	143	VI	Hß╗ºy	child: const Text('Hß╗ºy'),
lib/features/community/social/community_social_screen.dart	147	VI	X├│a	child: const Text('X├│a'),
lib/features/community/social/community_social_screen.dart	163	VI	─É├ú x├│a b├ái viß║┐t.	).showSnackBar(const SnackBar(content: Text('─É├ú x├│a b├ái viß║┐t.')));
lib/features/community/social/community_social_screen.dart	168	VI	Kh├┤ng thß╗â x├│a b├ái viß║┐t.	const SnackBar(content: Text('Kh├┤ng thß╗â x├│a b├ái viß║┐t.')),
lib/features/community/social/community_social_screen.dart	274	OTHER	OFF	message: socialSettings.postingPolicy == 'OFF'
lib/features/community/social/community_social_screen.dart	356	VI	Mß╗ƒ tr├▓ chuyß╗çn CLB	tooltip: 'Mß╗ƒ tr├▓ chuyß╗çn CLB',
lib/features/community/social/community_social_screen.dart	367	VI	Mß╗ƒ tr├▓ chuyß╗çn CLB	tooltip: 'Mß╗ƒ tr├▓ chuyß╗çn CLB',
lib/features/community/social/community_social_screen.dart	394	VI	Trß║¡n gß║ºn ─æ├óy	label: 'Trß║¡n gß║ºn ─æ├óy',
lib/features/community/social/community_social_screen.dart	399	VI	Bß║úng ELO	label: 'Bß║úng ELO',
lib/features/community/social/community_social_screen.dart	459	VI	Ch╞░a c├│ b├ái ─æ─âng n├áo. H├úy chia sß║╗ ─æiß╗üu ─æß║ºu ti├¬n!	child: Text('Ch╞░a c├│ b├ái ─æ─âng n├áo. H├úy chia sß║╗ ─æiß╗üu ─æß║ºu ti├¬n!'),
lib/features/community/social/community_social_screen.dart	473	VI	Thß╗¡ lß║íi	trailing: TextButton(onPressed: onRetry, child: const Text('Thß╗¡ lß║íi')),
lib/features/community/social/widgets/community_comment_sheet.dart	148	VI	X├│a b├¼nh luß║¡n?	title: const Text('X├│a b├¼nh luß║¡n?'),
lib/features/community/social/widgets/community_comment_sheet.dart	149	VI	B├¼nh luß║¡n n├áy v├á c├íc c├óu trß║ú lß╗¥i sß║╜ bß╗ï x├│a.	content: const Text('B├¼nh luß║¡n n├áy v├á c├íc c├óu trß║ú lß╗¥i sß║╜ bß╗ï x├│a.'),
lib/features/community/social/widgets/community_comment_sheet.dart	153	VI	Hß╗ºy	child: const Text('Hß╗ºy'),
lib/features/community/social/widgets/community_comment_sheet.dart	158	VI	X├│a	child: const Text('X├│a'),
lib/features/community/social/widgets/community_comment_sheet.dart	334	VI	─É├│ng	tooltip: '─É├│ng',
lib/features/community/social/widgets/community_comment_sheet.dart	558	VI	Gß╗¡i	tooltip: 'Gß╗¡i',
lib/features/community/social/widgets/community_composer.dart	179	VI	Chia sß║╗ ─æiß╗üu g├¼ ─æ├│ vß╗¢i CLBΓÇª G├╡ @ ─æß╗â nhß║»c t├¬n	hintText: 'Chia sß║╗ ─æiß╗üu g├¼ ─æ├│ vß╗¢i CLBΓÇª G├╡ @ ─æß╗â nhß║»c t├¬n',
lib/features/community/social/widgets/community_composer.dart	193	VI	ß║ónh ${widget.imageCount}	TextButton.icon(onPressed: widget.onPickImage, icon: const Icon(Icons.photo_library_outlined, size: 19), label: Text(widget.imageCount > 0 ? 'ß║ónh ${widget.imageCount}' : 'ß║ónh')),
lib/features/community/social/widgets/community_composer.dart	193	VI	ß║ónh	TextButton.icon(onPressed: widget.onPickImage, icon: const Icon(Icons.photo_library_outlined, size: 19), label: Text(widget.imageCount > 0 ? 'ß║ónh ${widget.imageCount}' : 'ß║ónh')),
lib/features/community/social/widgets/community_composer.dart	194	VI	Gß║»n thß║╗	TextButton.icon(onPressed: _startMention, icon: const Icon(Icons.alternate_email_rounded, size: 19), label: const Text('Gß║»n thß║╗')),
lib/features/community/social/widgets/community_composer.dart	198	VI	─É─âng	child: widget.isSubmitting ? const SizedBox.square(dimension: 17, child: CircularProgressIndicator(strokeWidth: 2)) : const Text('─É─âng'),
lib/features/community/social/widgets/community_composer.dart	226	VI	Nhß║Ñn ─æß╗â g├ín nh├ún th├ánh vi├¬n	tooltip: canManageTags ? 'Nhß║Ñn ─æß╗â g├ín nh├ún th├ánh vi├¬n' : null,
lib/features/community/social/widgets/community_composer.dart	248	VI	Ch╞░a thß╗â t├¼m th├ánh vi├¬n	? SizedBox(height: 52, child: Center(child: Text('Ch╞░a thß╗â t├¼m th├ánh vi├¬n', style: TextStyle(color: colors.textMuted))))
lib/features/community/social/widgets/community_composer.dart	250	VI	Kh├┤ng t├¼m thß║Ñy th├ánh vi├¬n	? SizedBox(height: 52, child: Center(child: Text('Kh├┤ng t├¼m thß║Ñy th├ánh vi├¬n', style: TextStyle(color: colors.textMuted))))
lib/features/community/social/widgets/community_composer.dart	287	VI	G├ín nh├ún vui	if (canManageTags) IconButton(tooltip: 'G├ín nh├ún vui', onPressed: () => onTag(member), icon: const Icon(Icons.sell_outlined, size: 19)),
lib/features/community/social/widgets/community_composer_parts.dart	279	VI	G├ín nh├ún vui	tooltip: 'G├ín nh├ún vui',
lib/features/community/social/widgets/community_composer_trigger.dart	94	VI	ß║ónh	label: 'ß║ónh',
lib/features/community/social/widgets/community_composer_trigger.dart	107	VI	B├¼nh chß╗ìn	label: 'B├¼nh chß╗ìn',
lib/features/community/social/widgets/community_poll_builder.dart	97	VI	Hß╗ºy b├¼nh chß╗ìn	child: const Text('Hß╗ºy b├¼nh chß╗ìn', style: TextStyle(fontSize: 12)),
lib/features/community/social/widgets/community_poll_builder.dart	106	VI	C├óu hß╗Åi b├¼nh chß╗ìn *	labelText: 'C├óu hß╗Åi b├¼nh chß╗ìn *',
lib/features/community/social/widgets/community_poll_builder.dart	107	VI	Nhß║¡p c├óu hß╗Åi hoß║╖c chß╗º ─æß╗ü...	hintText: 'Nhß║¡p c├óu hß╗Åi hoß║╖c chß╗º ─æß╗ü...',
lib/features/community/social/widgets/community_poll_builder.dart	120	OTHER	${entry.key + 1}.	child: Text('${entry.key + 1}.',
lib/features/community/social/widgets/community_poll_builder.dart	129	VI	Lß╗▒a chß╗ìn ${entry.key + 1}	hintText: 'Lß╗▒a chß╗ìn ${entry.key + 1}',
lib/features/community/social/widgets/community_poll_builder.dart	152	VI	Th├¬m lß╗▒a chß╗ìn	label: const Text('Th├¬m lß╗▒a chß╗ìn', style: TextStyle(fontSize: 13)),
lib/features/community/social/widgets/community_poll_builder.dart	158	VI	Cho ph├⌐p chß╗ìn nhiß╗üu c├óu trß║ú lß╗¥i	title: const Text('Cho ph├⌐p chß╗ìn nhiß╗üu c├óu trß║ú lß╗¥i',
lib/features/community/social/widgets/community_poll_builder.dart	166	VI	Cho ph├⌐p mß╗ìi ng╞░ß╗¥i th├¬m lß╗▒a chß╗ìn mß╗¢i	title: const Text('Cho ph├⌐p mß╗ìi ng╞░ß╗¥i th├¬m lß╗▒a chß╗ìn mß╗¢i',
lib/features/community/social/widgets/community_poll_builder.dart	174	VI	Thß╗¥i hß║ín:	child: Text('Thß╗¥i hß║ín:',
lib/features/community/social/widgets/community_poll_widget.dart	38	VI	─É├ú b├¼nh chß╗ìn v├á ─æ─âng k├╜ tham gia giß║úi.	if (mounted) ScaffoldMessenger.of(context).showSnackBar(const SnackBar(content: Text('─É├ú b├¼nh chß╗ìn v├á ─æ─âng k├╜ tham gia giß║úi.')));
lib/features/community/social/widgets/community_poll_widget.dart	40	VI	─É├ú ghi nhß║¡n b├¼nh chß╗ìn. Bß║ín c├│ thß╗â ─æ├ú ─æ─âng k├╜ giß║úi n├áy tr╞░ß╗¢c ─æ├│.	if (mounted) ScaffoldMessenger.of(context).showSnackBar(const SnackBar(content: Text('─É├ú ghi nhß║¡n b├¼nh chß╗ìn. Bß║ín c├│ thß╗â ─æ├ú ─æ─âng k├╜ giß║úi n├áy tr╞░ß╗¢c ─æ├│.')));
lib/features/community/social/widgets/community_poll_widget.dart	44	VI	Kh├┤ng thß╗â ghi nhß║¡n b├¼nh chß╗ìn.	if (mounted) ScaffoldMessenger.of(context).showSnackBar(const SnackBar(content: Text('Kh├┤ng thß╗â ghi nhß║¡n b├¼nh chß╗ìn.')));
lib/features/community/social/widgets/community_poll_widget.dart	51	VI	Th├¬m lß╗▒a chß╗ìn	title: const Text('Th├¬m lß╗▒a chß╗ìn'),
lib/features/community/social/widgets/community_poll_widget.dart	52	VI	Nhß║¡p lß╗▒a chß╗ìn	content: TextField(controller: controller, autofocus: true, maxLength: 100, decoration: const InputDecoration(hintText: 'Nhß║¡p lß╗▒a chß╗ìn')),
lib/features/community/social/widgets/community_poll_widget.dart	53	VI	Hß╗ºy	actions: [TextButton(onPressed: () => Navigator.pop(dialogContext), child: const Text('Hß╗ºy')), FilledButton(onPressed: () => Navigator.pop(dialogContext, controller.text.trim()), child: const Text('Th├¬m'))],
lib/features/community/social/widgets/community_poll_widget.dart	53	VI	Th├¬m	actions: [TextButton(onPressed: () => Navigator.pop(dialogContext), child: const Text('Hß╗ºy')), FilledButton(onPressed: () => Navigator.pop(dialogContext, controller.text.trim()), child: const Text('Th├¬m'))],
lib/features/community/social/widgets/community_poll_widget.dart	61	VI	Kh├┤ng thß╗â th├¬m lß╗▒a chß╗ìn.	} catch (_) { if (mounted) ScaffoldMessenger.of(context).showSnackBar(const SnackBar(content: Text('Kh├┤ng thß╗â th├¬m lß╗▒a chß╗ìn.'))); }
lib/features/community/social/widgets/community_poll_widget.dart	84	VI	─É├ú ─æ├│ng	Row(children: [Icon(Icons.poll_outlined, color: AppTheme.primary), const SizedBox(width: AppTheme.spacingSM), Expanded(child: Text(_poll.question, style: const TextStyle(fontWeight: FontWeight.w600))), if (_poll.isClosed) Text('─É├ú ─æ├│ng', style: TextStyle(color: colors.textMuted, fontSize: 12))]),
lib/features/community/social/widgets/community_poll_widget.dart	90	OTHER	${option.voteCount}	Positioned.fill(child: Padding(padding: const EdgeInsets.symmetric(horizontal: 12), child: Row(children: [Expanded(child: Text(option.optionText, style: TextStyle(fontWeight: option.isVoted ? FontWeight.w600 : FontWeight.w400))), Text('${option.voteCount}', style: TextStyle(color: colors.textMuted, fontSize: 12)), if (option.isVoted) ...[const SizedBox(width: 4), Icon(Icons.check_circle, size: 16, color: AppTheme.primary)]]))),
lib/features/community/social/widgets/community_poll_widget.dart	93	VI	Th├¬m lß╗▒a chß╗ìn	if (_poll.allowAddOptions && !_poll.isClosed) Align(alignment: Alignment.centerLeft, child: TextButton.icon(onPressed: _busy ? null : _addOption, icon: const Icon(Icons.add, size: 18), label: const Text('Th├¬m lß╗▒a chß╗ìn'))),
lib/features/community/social/widgets/community_poll_widget.dart	94	VI	$total l╞░ß╗út b├¼nh chß╗ìn	Text('$total l╞░ß╗út b├¼nh chß╗ìn', style: TextStyle(color: colors.textMuted, fontSize: 12)),
lib/features/community/social/widgets/community_post_card.dart	197	VI	X├│a b├ái viß║┐t	tooltip: 'X├│a b├ái viß║┐t',
lib/features/community/social/widgets/community_post_card.dart	207	VI	Tuß╗│ chß╗ìn b├ái ─æ─âng	tooltip: 'Tuß╗│ chß╗ìn b├ái ─æ─âng',
lib/features/community/social/widgets/community_post_card.dart	292	OTHER	#$tag	label: Text('#$tag'),
lib/features/community/social/widgets/community_post_card.dart	521	VI	B├ío c├ío b├ái viß║┐t	title: const Text('B├ío c├ío b├ái viß║┐t'),
lib/features/community/social/widgets/community_post_card.dart	563	VI	─É├│ng	tooltip: '─É├│ng',
lib/features/community/social/widgets/community_post_composer_sheet.dart	314	VI	Bß║ín muß╗æn chia sß║╗ ─æiß╗üu g├¼ vß╗¢i c├íc th├ánh vi├¬n? (G├╡ @ ─æß╗â nhß║»c t├¬n)	hintText: 'Bß║ín muß╗æn chia sß║╗ ─æiß╗üu g├¼ vß╗¢i c├íc th├ánh vi├¬n? (G├╡ @ ─æß╗â nhß║»c t├¬n)',
lib/features/community/social/widgets/community_post_composer_sheet.dart	411	VI	ß║ónh	tooltip: 'ß║ónh',
lib/features/community/social/widgets/community_post_composer_sheet.dart	420	VI	B├¼nh chß╗ìn	tooltip: 'B├¼nh chß╗ìn',
lib/features/community/social/widgets/community_post_composer_sheet.dart	430	VI	Gß║»n thß║╗	tooltip: 'Gß║»n thß║╗',
lib/features/community/widgets/club_region_selector.dart	91	VI	Tß╗ënh / Th├ánh phß╗æ *	label: 'Tß╗ënh / Th├ánh phß╗æ *',
lib/features/community/widgets/club_region_selector.dart	109	VI	Ph╞░ß╗¥ng / X├ú / Thß╗ï trß║Ñn (T├╣y chß╗ìn)	label: 'Ph╞░ß╗¥ng / X├ú / Thß╗ï trß║Ñn (T├╣y chß╗ìn)',
lib/features/community/widgets/club_region_selector.dart	147	VI	-- Chß╗ìn --	const DropdownMenuItem(value: '', child: Text('-- Chß╗ìn --')),
lib/features/community/widgets/club_social_links_editor.dart	55	VI	Vui l├▓ng nhß║¡p gi├í trß╗ï li├¬n kß║┐t.	const SnackBar(content: Text('Vui l├▓ng nhß║¡p gi├í trß╗ï li├¬n kß║┐t.')),
lib/features/community/widgets/club_social_links_editor.dart	64	VI	Vui l├▓ng nhß║¡p nh├ún li├¬n kß║┐t.	const SnackBar(content: Text('Vui l├▓ng nhß║¡p nh├ún li├¬n kß║┐t.')),
lib/features/community/widgets/club_social_links_editor.dart	79	VI	─É├ú th├¬m li├¬n hß╗ç mß╗¢i!	const SnackBar(content: Text('─É├ú th├¬m li├¬n hß╗ç mß╗¢i!')),
lib/features/community/widgets/club_social_links_editor.dart	87	VI	─É├ú x├│a li├¬n hß╗ç!	const SnackBar(content: Text('─É├ú x├│a li├¬n hß╗ç!')),
lib/features/community/widgets/club_social_links_editor.dart	156	VI	Kh├íc...	const DropdownMenuItem(value: _customKey, child: Text('Kh├íc...')),
lib/features/community/widgets/club_social_links_editor.dart	170	VI	T├¬n k├¬nh (Telegram, Viber...)	labelText: 'T├¬n k├¬nh (Telegram, Viber...)',
lib/features/community/widgets/club_social_links_editor.dart	182	VI	─É╞░ß╗¥ng dß║½n li├¬n kß║┐t hoß║╖c sß╗æ ─æiß╗çn thoß║íi...	hintText: '─É╞░ß╗¥ng dß║½n li├¬n kß║┐t hoß║╖c sß╗æ ─æiß╗çn thoß║íi...',
lib/features/community/widgets/club_social_links_editor.dart	190	VI	Th├¬m li├¬n kß║┐t	child: const Text('Th├¬m li├¬n kß║┐t'),
lib/features/community/widgets/club_visibility_selector.dart	19	VI	C├┤ng khai	label: 'C├┤ng khai',
lib/features/community/widgets/club_visibility_selector.dart	25	VI	Hß║ín chß║┐	label: 'Hß║ín chß║┐',
lib/features/community/widgets/club_visibility_selector.dart	31	VI	Ri├¬ng t╞░	label: 'Ri├¬ng t╞░',
lib/features/community/widgets/community_social_settings_sheet.dart	63	VI	─É├ú l╞░u c├ái ─æß║╖t sinh hoß║ít CLB	ScaffoldMessenger.of(context).showSnackBar(const SnackBar(content: Text('─É├ú l╞░u c├ái ─æß║╖t sinh hoß║ít CLB')));
lib/features/community/widgets/community_social_settings_sheet.dart	97	VI	Sinh hoß║ít CLB	Row(children: [Expanded(child: Text('Sinh hoß║ít CLB', style: TextStyle(fontSize: 19, fontWeight: FontWeight.w800, color: colors.textPrimary))), IconButton(onPressed: () => Navigator.pop(context), icon: const Icon(Icons.close))]),
lib/features/community/widgets/community_social_settings_sheet.dart	98	VI	─Éiß╗üu khiß╗ân bß║úng tin, b├¼nh luß║¡n, chat v├á tag th├ánh vi├¬n.	Text('─Éiß╗üu khiß╗ân bß║úng tin, b├¼nh luß║¡n, chat v├á tag th├ánh vi├¬n.', style: TextStyle(color: colors.textSecondary, fontSize: 12)),
lib/features/community/widgets/community_social_settings_sheet.dart	108	VI	─Éang l╞░u...	FilledButton.icon(onPressed: _saving ? null : _save, icon: const Icon(Icons.save_outlined), label: Text(_saving ? '─Éang l╞░u...' : 'L╞░u c├ái ─æß║╖t')),
lib/features/community/widgets/community_social_settings_sheet.dart	108	VI	L╞░u c├ái ─æß║╖t	FilledButton.icon(onPressed: _saving ? null : _save, icon: const Icon(Icons.save_outlined), label: Text(_saving ? '─Éang l╞░u...' : 'L╞░u c├ái ─æß║╖t')),
lib/features/community/widgets/community_social_settings_sheet.dart	110	VI	Tag vui cß╗ºa CLB	Text('Tag vui cß╗ºa CLB', style: TextStyle(fontSize: 15, fontWeight: FontWeight.w800, color: colors.textPrimary)),
lib/features/community/widgets/community_social_settings_sheet.dart	112	VI	Tß║ío nh├ún m├áu ─æß╗â g├ín nhanh cho th├ánh vi├¬n.	Text('Tß║ío nh├ún m├áu ─æß╗â g├ín nhanh cho th├ánh vi├¬n.', style: TextStyle(fontSize: 12, color: colors.textSecondary)),
lib/features/community/widgets/community_social_settings_sheet.dart	114	VI	V├¡ dß╗Ñ: MVP tuß║ºn	Row(children: [Expanded(child: TextField(controller: _nameController, decoration: const InputDecoration(hintText: 'V├¡ dß╗Ñ: MVP tuß║ºn', isDense: true))), const SizedBox(width: 8), InkWell(onTap: () async { final picked = await showDialog<String>(context: context, builder: (_) => _ColorDialog(initial: _color)); if (picked != null) setState(() => _color = picked); }, child: Container(width: 42, height: 42, decoration: BoxDecoration(color: _hex(_color), borderRadius: BorderRadius.circular(8), border: Border.all(color: colors.border)))), const SizedBox(width: 8), IconButton.filled(onPressed: _createPreset, icon: const Icon(Icons.add))]),
lib/features/community/widgets/community_social_settings_sheet.dart	133	VI	Chß╗ìn m├áu tag	Widget build(BuildContext context) => AlertDialog(title: const Text('Chß╗ìn m├áu tag'), content: Wrap(spacing: 12, runSpacing: 12, children: const ['#3B82F6', '#10B981', '#F59E0B', '#EF4444', '#8B5CF6', '#EC4899'].map((color) => InkWell(onTap: () => Navigator.pop(context, color), child: CircleAvatar(backgroundColor: Color(int.parse('FF${color.substring(1)}', radix: 16)), radius: 18))).toList()), actions: [TextButton(onPressed: () => Navigator.pop(context), child: const Text('─É├│ng'))]);
lib/features/community/widgets/community_social_settings_sheet.dart	133	OTHER	#3B82F6	Widget build(BuildContext context) => AlertDialog(title: const Text('Chß╗ìn m├áu tag'), content: Wrap(spacing: 12, runSpacing: 12, children: const ['#3B82F6', '#10B981', '#F59E0B', '#EF4444', '#8B5CF6', '#EC4899'].map((color) => InkWell(onTap: () => Navigator.pop(context, color), child: CircleAvatar(backgroundColor: Color(int.parse('FF${color.substring(1)}', radix: 16)), radius: 18))).toList()), actions: [TextButton(onPressed: () => Navigator.pop(context), child: const Text('─É├│ng'))]);
lib/features/community/widgets/community_social_settings_sheet.dart	133	OTHER	#10B981	Widget build(BuildContext context) => AlertDialog(title: const Text('Chß╗ìn m├áu tag'), content: Wrap(spacing: 12, runSpacing: 12, children: const ['#3B82F6', '#10B981', '#F59E0B', '#EF4444', '#8B5CF6', '#EC4899'].map((color) => InkWell(onTap: () => Navigator.pop(context, color), child: CircleAvatar(backgroundColor: Color(int.parse('FF${color.substring(1)}', radix: 16)), radius: 18))).toList()), actions: [TextButton(onPressed: () => Navigator.pop(context), child: const Text('─É├│ng'))]);
lib/features/community/widgets/community_social_settings_sheet.dart	133	OTHER	#F59E0B	Widget build(BuildContext context) => AlertDialog(title: const Text('Chß╗ìn m├áu tag'), content: Wrap(spacing: 12, runSpacing: 12, children: const ['#3B82F6', '#10B981', '#F59E0B', '#EF4444', '#8B5CF6', '#EC4899'].map((color) => InkWell(onTap: () => Navigator.pop(context, color), child: CircleAvatar(backgroundColor: Color(int.parse('FF${color.substring(1)}', radix: 16)), radius: 18))).toList()), actions: [TextButton(onPressed: () => Navigator.pop(context), child: const Text('─É├│ng'))]);
lib/features/community/widgets/community_social_settings_sheet.dart	133	OTHER	#EF4444	Widget build(BuildContext context) => AlertDialog(title: const Text('Chß╗ìn m├áu tag'), content: Wrap(spacing: 12, runSpacing: 12, children: const ['#3B82F6', '#10B981', '#F59E0B', '#EF4444', '#8B5CF6', '#EC4899'].map((color) => InkWell(onTap: () => Navigator.pop(context, color), child: CircleAvatar(backgroundColor: Color(int.parse('FF${color.substring(1)}', radix: 16)), radius: 18))).toList()), actions: [TextButton(onPressed: () => Navigator.pop(context), child: const Text('─É├│ng'))]);
lib/features/community/widgets/community_social_settings_sheet.dart	133	OTHER	#8B5CF6	Widget build(BuildContext context) => AlertDialog(title: const Text('Chß╗ìn m├áu tag'), content: Wrap(spacing: 12, runSpacing: 12, children: const ['#3B82F6', '#10B981', '#F59E0B', '#EF4444', '#8B5CF6', '#EC4899'].map((color) => InkWell(onTap: () => Navigator.pop(context, color), child: CircleAvatar(backgroundColor: Color(int.parse('FF${color.substring(1)}', radix: 16)), radius: 18))).toList()), actions: [TextButton(onPressed: () => Navigator.pop(context), child: const Text('─É├│ng'))]);
lib/features/community/widgets/community_social_settings_sheet.dart	133	OTHER	#EC4899	Widget build(BuildContext context) => AlertDialog(title: const Text('Chß╗ìn m├áu tag'), content: Wrap(spacing: 12, runSpacing: 12, children: const ['#3B82F6', '#10B981', '#F59E0B', '#EF4444', '#8B5CF6', '#EC4899'].map((color) => InkWell(onTap: () => Navigator.pop(context, color), child: CircleAvatar(backgroundColor: Color(int.parse('FF${color.substring(1)}', radix: 16)), radius: 18))).toList()), actions: [TextButton(onPressed: () => Navigator.pop(context), child: const Text('─É├│ng'))]);
lib/features/community/widgets/community_social_settings_sheet.dart	133	OTHER	FF${color.substring(1)}	Widget build(BuildContext context) => AlertDialog(title: const Text('Chß╗ìn m├áu tag'), content: Wrap(spacing: 12, runSpacing: 12, children: const ['#3B82F6', '#10B981', '#F59E0B', '#EF4444', '#8B5CF6', '#EC4899'].map((color) => InkWell(onTap: () => Navigator.pop(context, color), child: CircleAvatar(backgroundColor: Color(int.parse('FF${color.substring(1)}', radix: 16)), radius: 18))).toList()), actions: [TextButton(onPressed: () => Navigator.pop(context), child: const Text('─É├│ng'))]);
lib/features/community/widgets/community_social_settings_sheet.dart	133	VI	─É├│ng	Widget build(BuildContext context) => AlertDialog(title: const Text('Chß╗ìn m├áu tag'), content: Wrap(spacing: 12, runSpacing: 12, children: const ['#3B82F6', '#10B981', '#F59E0B', '#EF4444', '#8B5CF6', '#EC4899'].map((color) => InkWell(onTap: () => Navigator.pop(context, color), child: CircleAvatar(backgroundColor: Color(int.parse('FF${color.substring(1)}', radix: 16)), radius: 18))).toList()), actions: [TextButton(onPressed: () => Navigator.pop(context), child: const Text('─É├│ng'))]);
lib/features/explore/widgets/live_tournament_with_matches_card.dart	754	EN/OTHER	${match.team1Name} VS ${match.team2Name}	title: '${match.team1Name} VS ${match.team2Name}',
lib/features/football_team/screens/football_teams_screen.dart	53	VI	C├│ lß╗ùi xß║úy ra	void _showError(Object error) => ScaffoldMessenger.of(context).showSnackBar(SnackBar(content: Text(ErrorParser.parse(error, 'C├│ lß╗ùi xß║úy ra'))));
lib/features/football_team/screens/football_teams_screen.dart	83	OTHER	id	try { await ref.read(footballTeamApiProvider).inviteFootballTeamMember(_selected!.id, userId); if (mounted) { setState(() => _candidates = _candidates.where((row) => row['id']?.toString() != userId).toList()); ScaffoldMessenger.of(context).showSnackBar(const SnackBar(content: Text('─É├ú gß╗¡i lß╗¥i mß╗¥i.'))); } }
lib/features/football_team/screens/football_teams_screen.dart	83	VI	─É├ú gß╗¡i lß╗¥i mß╗¥i.	try { await ref.read(footballTeamApiProvider).inviteFootballTeamMember(_selected!.id, userId); if (mounted) { setState(() => _candidates = _candidates.where((row) => row['id']?.toString() != userId).toList()); ScaffoldMessenger.of(context).showSnackBar(const SnackBar(content: Text('─É├ú gß╗¡i lß╗¥i mß╗¥i.'))); } }
lib/features/football_team/screens/football_teams_screen.dart	125	VI	─Éß╗Öi b├│ng cß╗ºa t├┤i	appBar: AppBar(title: const Text('─Éß╗Öi b├│ng cß╗ºa t├┤i')),
lib/features/football_team/screens/football_teams_screen.dart	133	VI	─Éß╗Öi ─æang hoß║ít ─æß╗Öng ${_teams.length}/3	Text('─Éß╗Öi ─æang hoß║ít ─æß╗Öng ${_teams.length}/3', style: const TextStyle(fontWeight: FontWeight.w800)),
lib/features/football_team/screens/football_teams_screen.dart	140	VI	ELO ${team.eloPoints} ┬╖ ${team.activeMembers.length} th├ánh vi├¬n	subtitle: Text('ELO ${team.eloPoints} ┬╖ ${team.activeMembers.length} th├ánh vi├¬n'),
lib/features/football_team/screens/football_teams_screen.dart	155	VI	T├¬n ─æß╗Öi mß╗¢i	Expanded(child: TextField(controller: _newName, decoration: const InputDecoration(labelText: 'T├¬n ─æß╗Öi mß╗¢i'))),
lib/features/football_team/screens/football_teams_screen.dart	157	VI	Tß║ío	FilledButton(onPressed: _saving ? null : _create, child: const Text('Tß║ío')),
lib/features/football_team/screens/football_teams_screen.dart	181	VI	Th├┤ng tin ─æß╗Öi	const Text('Th├┤ng tin ─æß╗Öi', style: TextStyle(fontWeight: FontWeight.w800)),
lib/features/football_team/screens/football_teams_screen.dart	187	VI	T├¬n ─æß╗Öi	Expanded(child: TextField(controller: _name, decoration: const InputDecoration(labelText: 'T├¬n ─æß╗Öi'))),
lib/features/football_team/screens/football_teams_screen.dart	189	VI	L╞░u	OutlinedButton(onPressed: _saveName, child: const Text('L╞░u')),
lib/features/football_team/screens/football_teams_screen.dart	193	VI	Mß╗¥i th├ánh vi├¬n	const Text('Mß╗¥i th├ánh vi├¬n', style: TextStyle(fontWeight: FontWeight.w800)),
lib/features/football_team/screens/football_teams_screen.dart	196	VI	T├¬n hoß║╖c email	Expanded(child: TextField(controller: _search, decoration: const InputDecoration(hintText: 'T├¬n hoß║╖c email'))),
lib/features/football_team/screens/football_teams_screen.dart	203	OTHER	fullName	title: Text(candidate['fullName']?.toString() ?? candidate['id']?.toString() ?? 'T├ái khoß║ún'),
lib/features/football_team/screens/football_teams_screen.dart	203	OTHER	id	title: Text(candidate['fullName']?.toString() ?? candidate['id']?.toString() ?? 'T├ái khoß║ún'),
lib/features/football_team/screens/football_teams_screen.dart	203	VI	T├ái khoß║ún	title: Text(candidate['fullName']?.toString() ?? candidate['id']?.toString() ?? 'T├ái khoß║ún'),
lib/features/football_team/screens/football_teams_screen.dart	204	OTHER	id	trailing: TextButton(onPressed: () => _invite(candidate['id'].toString()), child: const Text('Mß╗¥i')),
lib/features/football_team/screens/football_teams_screen.dart	204	VI	Mß╗¥i	trailing: TextButton(onPressed: () => _invite(candidate['id'].toString()), child: const Text('Mß╗¥i')),
lib/features/football_team/screens/football_teams_screen.dart	213	VI	─Éang mß╗¥i - chß╗¥ x├íc nhß║¡n	subtitle: isActive ? null : const Text('─Éang mß╗¥i - chß╗¥ x├íc nhß║¡n', style: TextStyle(fontStyle: FontStyle.italic)),
lib/features/football_team/screens/football_teams_screen.dart	221	OTHER	CAPTAIN	DropdownMenuItem(value: 'CAPTAIN', child: Text('─Éß╗Öi tr╞░ß╗ƒng')),
lib/features/football_team/screens/football_teams_screen.dart	221	VI	─Éß╗Öi tr╞░ß╗ƒng	DropdownMenuItem(value: 'CAPTAIN', child: Text('─Éß╗Öi tr╞░ß╗ƒng')),
lib/features/football_team/screens/football_teams_screen.dart	222	OTHER	MANAGER	DropdownMenuItem(value: 'MANAGER', child: Text('Quß║ún l├╜')),
lib/features/football_team/screens/football_teams_screen.dart	222	VI	Quß║ún l├╜	DropdownMenuItem(value: 'MANAGER', child: Text('Quß║ún l├╜')),
lib/features/football_team/screens/football_teams_screen.dart	223	OTHER	PLAYER	DropdownMenuItem(value: 'PLAYER', child: Text('Th├ánh vi├¬n')),
lib/features/football_team/screens/football_teams_screen.dart	223	VI	Th├ánh vi├¬n	DropdownMenuItem(value: 'PLAYER', child: Text('Th├ánh vi├¬n')),
lib/features/football_team/screens/football_teams_screen.dart	244	VI	Hß╗ºy lß╗¥i mß╗¥i	tooltip: 'Hß╗ºy lß╗¥i mß╗¥i',
lib/features/home/screens/home_screen.dart	1266	VI	Nß╗Öi dung	title: 'Nß╗Öi dung',
lib/features/home/screens/home_screen.dart	1281	VI	Thß╗â thß╗⌐c	title: 'Thß╗â thß╗⌐c',
lib/features/home/screens/home_screen.dart	1295	VI	Xß║┐p hß║íng	title: 'Xß║┐p hß║íng',
lib/features/home/screens/home_screen.dart	2462	OTHER	all	(key: "all", label: l10n.filterAll),
lib/features/home/screens/home_screen.dart	2463	OTHER	registration	(key: "registration", label: "─É─âng k├╜"),
lib/features/home/screens/home_screen.dart	2463	VI	─É─âng k├╜	(key: "registration", label: "─É─âng k├╜"),
lib/features/home/screens/home_screen.dart	2464	OTHER	upcoming	(key: "upcoming", label: l10n.matchesFilterScheduled),
lib/features/home/screens/home_screen.dart	2465	OTHER	in_progress	(key: "in_progress", label: "Thi ─æß║Ñu"),
lib/features/home/screens/home_screen.dart	2465	VI	Thi ─æß║Ñu	(key: "in_progress", label: "Thi ─æß║Ñu"),
lib/features/home/screens/home_screen.dart	2466	OTHER	completed	(key: "completed", label: l10n.matchesStatusCompleted),
lib/features/home/screens/qr_scanner_screen.dart	75	VI	M├ú QR kh├┤ng hß╗úp lß╗ç	content: Text(auth.errorMessage ?? 'M├ú QR kh├┤ng hß╗úp lß╗ç'),
lib/features/home/screens/qr_scanner_screen.dart	99	VI	Qu├⌐t m├ú QR	title: const Text('Qu├⌐t m├ú QR', style: TextStyle(color: Colors.white)),
lib/features/home/widgets/explore_tab.dart	688	VI	Tß║Ñt cß║ú	label: AppLocalizations.of(context)?.infoAll ?? 'Tß║Ñt cß║ú',
lib/features/home/widgets/explore_tab.dart	1649	OTHER	${m.team1Name} VS ${m.team2Name}	title: '${m.team1Name} VS ${m.team2Name}',
lib/features/home/widgets/tournament_card.dart	196	VI	X├│a giß║úi ─æß║Ñu?	title: 'X├│a giß║úi ─æß║Ñu?',
lib/features/home/widgets/tournament_card.dart	197	VI	Thao t├íc n├áy kh├┤ng thß╗â ho├án t├íc.	content: 'Thao t├íc n├áy kh├┤ng thß╗â ho├án t├íc.',
lib/features/home/widgets/tournament_card.dart	208	VI	─É├ú x├│a giß║úi ─æß║Ñu th├ánh c├┤ng	content: Text('─É├ú x├│a giß║úi ─æß║Ñu th├ánh c├┤ng'),
lib/features/home/widgets/tournament_card.dart	216	VI	Lß╗ùi khi x├│a: $error	SnackBar(content: Text('Lß╗ùi khi x├│a: $error')),
lib/features/lite/screens/lite_join_screen.dart	268	OTHER	${l10n.navClubs}	TextSpan(text: '${l10n.navClubs} '),
lib/features/lite/screens/lite_join_screen.dart	311	OTHER	${l10n.navClubs}	TextSpan(text: '${l10n.navClubs} '),
lib/features/lite/screens/lite_management_screen.dart	743	VI	─É├ú chß╗æt	? const Chip(label: Text('─É├ú chß╗æt'))
lib/features/lite/screens/lite_management_screen.dart	749	VI	Chß╗æt danh s├ích?	title: const Text('Chß╗æt danh s├ích?'),
lib/features/lite/screens/lite_management_screen.dart	757	VI	Hß╗ºy	child: const Text('Hß╗ºy'),
lib/features/lite/screens/lite_management_screen.dart	762	VI	Chß╗æt danh s├ích	child: const Text('Chß╗æt danh s├ích'),
lib/features/lite/screens/lite_management_screen.dart	793	VI	Chß╗æt	child: const Text('Chß╗æt'),
lib/features/lite/screens/lite_management_screen.dart	1136	VI	─É├ú loß║íi ${participant.teamName} khß╗Åi giß║úi.	content: Text('─É├ú loß║íi ${participant.teamName} khß╗Åi giß║úi.'),
lib/features/lite/screens/lite_management_screen.dart	1213	OTHER	${l10n.errorPrefix}: $message	SnackBar(content: Text('${l10n.errorPrefix}: $message')),
lib/features/lite/screens/lite_management_screen.dart	1285	VI	Tß║ío lß║íi bracket	label: const Text('Tß║ío lß║íi bracket'),
lib/features/lite/widgets/football_registration_groups.dart	126	VI	─É├ú chß╗æt roster	label: '─É├ú chß╗æt roster',
lib/features/lite/widgets/football_registration_groups.dart	180	VI	Loß║íi ─æß╗Öi khß╗Åi giß║úi	label: const Text('Loß║íi ─æß╗Öi khß╗Åi giß║úi'),
lib/features/lite/widgets/football_registration_groups.dart	234	VI	Loß║íi ─æß╗Öi khß╗Åi giß║úi?	title: const Text('Loß║íi ─æß╗Öi khß╗Åi giß║úi?'),
lib/features/lite/widgets/football_registration_groups.dart	239	VI	L├╜ do (kh├┤ng bß║»t buß╗Öc)	labelText: 'L├╜ do (kh├┤ng bß║»t buß╗Öc)',
lib/features/lite/widgets/football_registration_groups.dart	240	VI	V├¡ dß╗Ñ: Kh├┤ng ─æß╗º ─æiß╗üu kiß╗çn tham gia	hintText: 'V├¡ dß╗Ñ: Kh├┤ng ─æß╗º ─æiß╗üu kiß╗çn tham gia',
lib/features/lite/widgets/football_registration_groups.dart	246	VI	Hß╗ºy	child: const Text('Hß╗ºy'),
lib/features/lite/widgets/football_registration_groups.dart	256	VI	Loß║íi ─æß╗Öi	child: const Text('Loß║íi ─æß╗Öi'),
lib/features/live/screens/live_match_screen.dart	517	VI	C├▓n lß║íi	label: 'C├▓n lß║íi',
lib/features/match/screens/live_score_screen.dart	132	VI	Ch╞░a thß╗â gß╗¡i cß╗ò v┼⌐. Vui l├▓ng thß╗¡ lß║íi.	const SnackBar(content: Text('Ch╞░a thß╗â gß╗¡i cß╗ò v┼⌐. Vui l├▓ng thß╗¡ lß║íi.')),
lib/features/match/screens/live_score_screen.dart	233	VI	Kh├┤ng thß╗â gß╗¡i b├¼nh luß║¡n. Vui l├▓ng thß╗¡ lß║íi!	content: Text('Kh├┤ng thß╗â gß╗¡i b├¼nh luß║¡n. Vui l├▓ng thß╗¡ lß║íi!'),
lib/features/match/screens/live_score_screen.dart	281	VI	─É├ú ghi nhß║¡n ${option.name}.	content: Text('─É├ú ghi nhß║¡n ${option.name}.'),
lib/features/match/screens/live_score_screen.dart	312	VI	─É├ú ghi nhß║¡n ${option.name} cho $teamName.	content: Text('─É├ú ghi nhß║¡n ${option.name} cho $teamName.'),
lib/features/match/screens/live_score_screen.dart	404	VI	Hß╗ºy	child: const Text('Hß╗ºy'),
lib/features/match/screens/live_score_screen.dart	596	VI	Quay lß║íi	child: const Text('Quay lß║íi'),
lib/features/match/screens/live_score_screen.dart	980	VI	Giß╗¢i hß║ín thß╗¥i gian (ph├║t, tuß╗│ chß╗ìn)	labelText: 'Giß╗¢i hß║ín thß╗¥i gian (ph├║t, tuß╗│ chß╗ìn)',
lib/features/match/screens/live_score_screen.dart	1142	OTHER	$label:	TextSpan(text: '$label: '),
lib/features/match/screens/live_score_screen.dart	1381	VI	Hß╗ºy	child: const Text('Hß╗ºy'),
lib/features/match/screens/live_score_screen.dart	2146	VI	$label:\nCh╞░a c├│	return '$label:\nCh╞░a c├│';
lib/features/match/screens/live_score_screen.dart	2148	VI	$n\n$label: Ch╞░a c├│	return displayList.map((n) => '$n\n$label: Ch╞░a c├│').join('\n');
lib/features/match/screens/live_score_screen.dart	2148	OTHER	\n	return displayList.map((n) => '$n\n$label: Ch╞░a c├│').join('\n');
lib/features/match/screens/live_score_screen.dart	2973	OTHER	$label:	TextSpan(text: '$label: '),
lib/features/match/widgets/admin_edit_score_dialog.dart	148	VI	L╞░u kß║┐t quß║ú	child: const Text('L╞░u kß║┐t quß║ú'),
lib/features/match/widgets/football_score_panel.dart	38	VI	Trß║íng th├íi	Expanded(child: DropdownButtonFormField<String>(initialValue: score.phase, isExpanded: true, decoration: const InputDecoration(labelText: 'Trß║íng th├íi', isDense: true), items: phases.map((phase) => DropdownMenuItem(value: phase, child: Text(_label(phase), overflow: TextOverflow.ellipsis))).toList(), onChanged: (value) { if (value != null) notifier.footballSetPhase(value); })),
lib/features/match/widgets/football_score_panel.dart	56	VI	Diß╗àn biß║┐n	const Text('Diß╗àn biß║┐n', style: TextStyle(fontWeight: FontWeight.w800)),
lib/features/match/widgets/football_score_panel.dart	57	OTHER	${event.minute}${event.addedMinute > 0 ? '+${event.addedMinute}' : ''}' ┬╖ ${event.type} ┬╖ ${event.isTeam1 ? team1Name : team2Name}	for (final event in score.events.reversed.take(8)) Padding(padding: const EdgeInsets.only(top: 6), child: Text("${event.minute}${event.addedMinute > 0 ? '+${event.addedMinute}' : ''}' ┬╖ ${event.type} ┬╖ ${event.isTeam1 ? team1Name : team2Name}")),
lib/features/match/widgets/football_score_panel.dart	66	VI	$label ┬╖ ─Éß╗Öi 1	ListTile(title: Text('$label ┬╖ ─Éß╗Öi 1'), onTap: () => Navigator.pop(sheetContext, true)),
lib/features/match/widgets/football_score_panel.dart	67	VI	$label ┬╖ ─Éß╗Öi 2	ListTile(title: Text('$label ┬╖ ─Éß╗Öi 2'), onTap: () => Navigator.pop(sheetContext, false)),
lib/features/match/widgets/football_score_panel.dart	81	OTHER	$score	Widget build(BuildContext context) => Column(children: [Text(name, textAlign: TextAlign.center, maxLines: 2, overflow: TextOverflow.ellipsis, style: const TextStyle(fontWeight: FontWeight.w700)), Text('$score', style: const TextStyle(fontSize: 40, fontWeight: FontWeight.w800)), Row(mainAxisAlignment: MainAxisAlignment.center, children: [IconButton(onPressed: onRemove, icon: const Icon(Icons.remove_circle_outline)), IconButton(onPressed: onAdd, icon: const Icon(Icons.add_circle, color: Colors.green))])]);
lib/features/match/widgets/football_score_panel.dart	139	VI	${widget.team1Name} ┬╖ Lu├ón l╞░u	decoration: InputDecoration(labelText: '${widget.team1Name} ┬╖ Lu├ón l╞░u', isDense: true),
lib/features/match/widgets/football_score_panel.dart	146	VI	${widget.team2Name} ┬╖ Lu├ón l╞░u	decoration: InputDecoration(labelText: '${widget.team2Name} ┬╖ Lu├ón l╞░u', isDense: true),
lib/features/match/widgets/football_score_panel.dart	205	VI	Ph├║t	decoration: const InputDecoration(labelText: 'Ph├║t', isDense: true),
lib/features/match/widgets/football_score_panel.dart	212	VI	B├╣ giß╗¥ +	decoration: const InputDecoration(labelText: 'B├╣ giß╗¥ +', isDense: true),
lib/features/match/widgets/injury_input_dialog.dart	86	VI	V├¡ dß╗Ñ: Trß║¡t s╞í mi, C─âng c╞í...	hintText: 'V├¡ dß╗Ñ: Trß║¡t s╞í mi, C─âng c╞í...',
lib/features/match/widgets/injury_input_dialog.dart	102	VI	Hß╗ºy	child: Text('Hß╗ºy', style: TextStyle(color: context.colors.textMuted)),
lib/features/match/widgets/injury_input_dialog.dart	115	VI	X├íc nhß║¡n	child: const Text('X├íc nhß║¡n'),
lib/features/match/widgets/match_bottom_bar.dart	45	VI	L├╜ do override (ghi r├╡ l├╜ do ngoß║íi lß╗ç)	hintText: 'L├╜ do override (ghi r├╡ l├╜ do ngoß║íi lß╗ç)',
lib/features/match/widgets/match_bottom_bar.dart	63	VI	─Éß╗Öi 1 thß║»ng	label: '─Éß╗Öi 1 thß║»ng',
lib/features/match/widgets/match_bottom_bar.dart	76	VI	─Éß╗Öi 2 thß║»ng	label: '─Éß╗Öi 2 thß║»ng',
lib/features/match/widgets/match_bottom_bar.dart	107	VI	Huß╗╖ override	label: const Text('Huß╗╖ override', style: TextStyle(fontSize: 11)),
lib/features/match/widgets/match_chat_widget.dart	145	VI	Kh├┤ng thß╗â gß╗¡i tin nhß║»n. Vui l├▓ng thß╗¡ lß║íi.	content: Text('Kh├┤ng thß╗â gß╗¡i tin nhß║»n. Vui l├▓ng thß╗¡ lß║íi.'),
lib/features/match/widgets/match_chat_widget.dart	307	VI	Nhß║¡p tin nhß║»n...	hintText: 'Nhß║¡p tin nhß║»n...',
lib/features/match/widgets/match_event_renderer.dart	34	VI	Thß║╗ V├áng	String getActionText(MatchEvent event) => 'Thß║╗ V├áng';
lib/features/match/widgets/match_event_renderer.dart	45	VI	Thß║╗ ─Éß╗Å	String getActionText(MatchEvent event) => 'Thß║╗ ─Éß╗Å';
lib/features/match/widgets/match_event_renderer.dart	57	VI	Phß║ím lß╗ùi: ${event.description}	String getActionText(MatchEvent event) => 'Phß║ím lß╗ùi: ${event.description}';
lib/features/match/widgets/official_score_modal.dart	156	VI	C├ái ─æß║╖t & Luß║¡t giß║úi	tooltip: 'C├ái ─æß║╖t & Luß║¡t giß║úi',
lib/features/match/widgets/official_score_modal.dart	467	VI	Hß╗ºy	child: const Text('Hß╗ºy'),
lib/features/match/widgets/official_score_modal.dart	471	VI	X├íc nhß║¡n	child: const Text('X├íc nhß║¡n'),
lib/features/match/widgets/official_score_modal.dart	773	VI	L├╜ do / ghi ch├║	labelText: 'L├╜ do / ghi ch├║',
lib/features/match/widgets/official_score_modal.dart	774	VI	Nhß║¡p l├╜ do nß║┐u cß║ºn	hintText: 'Nhß║¡p l├╜ do nß║┐u cß║ºn',
lib/features/match/widgets/official_score_modal.dart	788	VI	X├íc nhß║¡n ghi phß║ít	title: const Text('X├íc nhß║¡n ghi phß║ít'),
lib/features/match/widgets/official_score_modal.dart	795	VI	Hß╗ºy	child: const Text('Hß╗ºy'),
lib/features/match/widgets/official_score_modal.dart	799	VI	X├íc nhß║¡n	child: const Text('X├íc nhß║¡n'),
lib/features/match/widgets/official_score_modal.dart	963	VI	M├┤n: ${_sportLabel(kind)}	_RuleChip(label: 'M├┤n: ${_sportLabel(kind)}'),
lib/features/match/widgets/official_score_modal.dart	964	VI	Thß╗â thß╗⌐c: BO${config.bestOf}	_RuleChip(label: 'Thß╗â thß╗⌐c: BO${config.bestOf}'),
lib/features/match/widgets/official_score_modal.dart	965	VI	Sß╗æ set thß║»ng: ${config.setsToWin} set	_RuleChip(label: 'Sß╗æ set thß║»ng: ${config.setsToWin} set'),
lib/features/match/widgets/official_score_modal.dart	973	VI	Trß║ºn ─æiß╗âm: ${config.maxPoints}	_RuleChip(label: 'Trß║ºn ─æiß╗âm: ${config.maxPoints}'),
lib/features/match/widgets/official_score_modal.dart	975	VI	S├ón: ${match.court}	_RuleChip(label: 'S├ón: ${match.court}'),
lib/features/match/widgets/official_score_modal.dart	976	VI	V├▓ng: ${match.round}	_RuleChip(label: 'V├▓ng: ${match.round}'),
lib/features/match/widgets/official_score_modal.dart	984	VI	─É├│ng	child: const Text('─É├│ng'),
lib/features/match/widgets/penalty_input_dialog.dart	163	VI	Nhß║¡p l├╜ do vi phß║ím...	hintText: 'Nhß║¡p l├╜ do vi phß║ím...',
lib/features/match/widgets/team_score_card.dart	116	VI	Lß╗ùi: Bß║ín kh├┤ng c├│ quyß╗ün sß╗¡a ─æiß╗âm.	const SnackBar(content: Text('Lß╗ùi: Bß║ín kh├┤ng c├│ quyß╗ün sß╗¡a ─æiß╗âm.')),
lib/features/match/widgets/tennis_score_panel.dart	368	OTHER	$label:	TextSpan(text: '$label: '),
lib/features/payment/screens/payos_verify_screen.dart	112	VI	Kh├┤ng thß╗â x├íc minh thanh to├ín. Vui l├▓ng thß╗¡ lß║íi.	).showSnackBar(SnackBar(content: Text(ErrorParser.parse(e, 'Kh├┤ng thß╗â x├íc minh thanh to├ín. Vui l├▓ng thß╗¡ lß║íi.'))));
lib/features/payment/screens/payos_verify_screen.dart	129	VI	X├íc nhß║¡n thanh to├ín	title: const Text('X├íc nhß║¡n thanh to├ín'),
lib/features/payment/screens/payos_verify_screen.dart	271	VI	Mß╗ƒ trang thanh to├ín PayOS	label: const Text('Mß╗ƒ trang thanh to├ín PayOS'),
lib/features/profile/screens/profile_screen.dart	1520	VI	Chß╗º giß║úi	label: 'Chß╗º giß║úi',
lib/features/profile/screens/profile_screen.dart	1526	VI	Ban tß╗ò chß╗⌐c	label: 'Ban tß╗ò chß╗⌐c',
lib/features/profile/screens/profile_screen.dart	1532	VI	Trß╗ìng t├ái	label: 'Trß╗ìng t├ái',
lib/features/profile/screens/profile_screen.dart	1538	VI	Ng╞░ß╗¥i ch╞íi	label: 'Ng╞░ß╗¥i ch╞íi',
lib/features/profile/screens/profile_screen.dart	1572	OTHER	Xem Dashboard	label: const Text('Xem Dashboard'),
lib/features/profile/screens/profile_screen.dart	1606	VI	Xem tß║Ñt cß║ú (${tournaments.length})	label: Text('Xem tß║Ñt cß║ú (${tournaments.length})'),
lib/features/profile/screens/profile_screen.dart	1677	VI	Tß║ío CLB mß╗¢i	label: const Text('Tß║ío CLB mß╗¢i'),
lib/features/profile/screens/profile_screen.dart	1707	VI	Tß║ío CLB mß╗¢i	label: const Text('Tß║ío CLB mß╗¢i'),
lib/features/profile/screens/profile_screen.dart	2056	VI	Xem tß║Ñt cß║ú (${visible.length})	label: Text('Xem tß║Ñt cß║ú (${visible.length})'),
lib/features/profile/screens/profile_screen.dart	2211	VI	X├│a giß║úi ─æß║Ñu?	title: const Text('X├│a giß║úi ─æß║Ñu?'),
lib/features/profile/screens/profile_screen.dart	2219	VI	Hß╗ºy	child: const Text('Hß╗ºy'),
lib/features/profile/screens/profile_screen.dart	2223	VI	X├│a	child: Text('X├│a', style: TextStyle(color: colors.error)),
lib/features/profile/screens/profile_screen.dart	2330	VI	Quß║ún l├╜ giß║úi N├óng Cao	title: const Text('Quß║ún l├╜ giß║úi N├óng Cao'),
lib/features/profile/screens/profile_screen.dart	2338	VI	─É├ú hiß╗âu	child: const Text('─É├ú hiß╗âu'),
lib/features/profile/screens/profile_screen.dart	2713	VI	Thß╗¡ lß║íi	child: const Text('Thß╗¡ lß║íi'),
lib/features/profile/screens/settings_screen.dart	225	VI	Chß╗Ñp ß║únh mß╗¢i	title: const Text('Chß╗Ñp ß║únh mß╗¢i'),
lib/features/profile/screens/settings_screen.dart	233	VI	Chß╗ìn tß╗½ th╞░ viß╗çn	title: const Text('Chß╗ìn tß╗½ th╞░ viß╗çn'),
lib/features/profile/screens/settings_screen.dart	258	VI	─É├ú cß║¡p nhß║¡t ß║únh ─æß║íi diß╗çn	content: const Text('─É├ú cß║¡p nhß║¡t ß║únh ─æß║íi diß╗çn'),
lib/features/profile/screens/settings_screen.dart	284	VI	K├¡ch th╞░ß╗¢c ß║únh kh├┤ng ─æ╞░ß╗úc v╞░ß╗út qu├í 5MB	content: const Text('K├¡ch th╞░ß╗¢c ß║únh kh├┤ng ─æ╞░ß╗úc v╞░ß╗út qu├í 5MB'),
lib/features/profile/screens/settings_screen.dart	299	VI	─É├ú cß║¡p nhß║¡t ß║únh b├¼a	content: const Text('─É├ú cß║¡p nhß║¡t ß║únh b├¼a'),
lib/features/profile/screens/settings_screen.dart	357	VI	Gß╗¡i y├¬u cß║ºu thß║Ñt bß║íi: $e	SnackBar(content: Text('Gß╗¡i y├¬u cß║ºu thß║Ñt bß║íi: $e')),
lib/features/profile/screens/settings_screen.dart	366	VI	Y├¬u cß║ºu thay ─æß╗òi giß╗¢i t├¡nh	title: const Text('Y├¬u cß║ºu thay ─æß╗òi giß╗¢i t├¡nh'),
lib/features/profile/screens/settings_screen.dart	380	VI	Giß╗¢i t├¡nh mong muß╗æn	labelText: 'Giß╗¢i t├¡nh mong muß╗æn',
lib/features/profile/screens/settings_screen.dart	384	OTHER	Nam	DropdownMenuItem(value: 'Nam', child: Text('Nam')),
lib/features/profile/screens/settings_screen.dart	384	OTHER	Nam	DropdownMenuItem(value: 'Nam', child: Text('Nam')),
lib/features/profile/screens/settings_screen.dart	385	VI	Nß╗»	DropdownMenuItem(value: 'Nß╗»', child: Text('Nß╗»')),
lib/features/profile/screens/settings_screen.dart	385	VI	Nß╗»	DropdownMenuItem(value: 'Nß╗»', child: Text('Nß╗»')),
lib/features/profile/screens/settings_screen.dart	386	VI	Kh├íc	DropdownMenuItem(value: 'Kh├íc', child: Text('Kh├íc')),
lib/features/profile/screens/settings_screen.dart	386	VI	Kh├íc	DropdownMenuItem(value: 'Kh├íc', child: Text('Kh├íc')),
lib/features/profile/screens/settings_screen.dart	401	VI	Hß╗ºy bß╗Å	child: const Text('Hß╗ºy bß╗Å'),
lib/features/profile/screens/settings_screen.dart	411	VI	Gß╗¡i y├¬u cß║ºu	: const Text('Gß╗¡i y├¬u cß║ºu'),
lib/features/profile/screens/settings_screen.dart	450	VI	─É├ú l╞░u thay ─æß╗òi	content: const Text('─É├ú l╞░u thay ─æß╗òi'),
lib/features/profile/screens/settings_screen.dart	467	VI	Lß╗ùi: ${e.toString().replaceAll(	content: Text('Lß╗ùi: ${e.toString().replaceAll('Exception: ', '')}'),
lib/features/profile/screens/settings_screen.dart	467	OTHER	)}	content: Text('Lß╗ùi: ${e.toString().replaceAll('Exception: ', '')}'),
lib/features/profile/screens/settings_screen.dart	1059	VI	─É├ú l╞░u cß║Ñu h├¼nh ho├án tiß╗ün	content: const Text('─É├ú l╞░u cß║Ñu h├¼nh ho├án tiß╗ün'),
lib/features/profile/screens/settings_screen.dart	1070	VI	Lß╗ùi: ${e.toString().replaceAll(	content: Text('Lß╗ùi: ${e.toString().replaceAll('Exception: ', '')}'),
lib/features/profile/screens/settings_screen.dart	1070	OTHER	)}	content: Text('Lß╗ùi: ${e.toString().replaceAll('Exception: ', '')}'),
lib/features/profile/screens/settings_screen.dart	1252	VI	Vui l├▓ng nhß║¡p mß║¡t khß║⌐u x├íc nhß║¡n	content: Text('Vui l├▓ng nhß║¡p mß║¡t khß║⌐u x├íc nhß║¡n'),
lib/features/profile/screens/settings_screen.dart	1268	VI	X├│a t├ái khoß║ún thß║Ñt bß║íi: $e	SnackBar(content: Text('X├│a t├ái khoß║ún thß║Ñt bß║íi: $e')),
lib/features/profile/screens/settings_screen.dart	1281	VI	X├íc nhß║¡n x├│a t├ái khoß║ún	const Expanded(child: Text('X├íc nhß║¡n x├│a t├ái khoß║ún')),
lib/features/profile/screens/settings_screen.dart	1299	VI	Mß║¡t khß║⌐u x├íc nhß║¡n	labelText: 'Mß║¡t khß║⌐u x├íc nhß║¡n',
lib/features/profile/screens/settings_screen.dart	1315	VI	Hß╗ºy bß╗Å	child: const Text('Hß╗ºy bß╗Å'),
lib/features/profile/screens/settings_screen.dart	1332	VI	X├íc nhß║¡n x├│a	: const Text('X├íc nhß║¡n x├│a'),
lib/features/profile/screens/settings_screen.dart	1364	EN/OTHER	Email	title: 'Email',
lib/features/profile/screens/settings_screen.dart	1372	VI	Sß╗æ ─æiß╗çn thoß║íi	title: 'Sß╗æ ─æiß╗çn thoß║íi',
lib/features/profile/screens/settings_screen.dart	1382	VI	X├íc minh Email	title: 'X├íc minh Email',
lib/features/profile/screens/settings_screen.dart	1383	VI	Gß╗¡i m├ú x├íc minh tß╗¢i email ─æang d├╣ng	subtitle: 'Gß╗¡i m├ú x├íc minh tß╗¢i email ─æang d├╣ng',
lib/features/profile/screens/settings_screen.dart	1396	VI	X├íc minh sß╗æ ─æiß╗çn thoß║íi	title: 'X├íc minh sß╗æ ─æiß╗çn thoß║íi',
lib/features/profile/screens/settings_screen.dart	1397	VI	Gß╗¡i m├ú OTP tß╗¢i sß╗æ ─æiß╗çn thoß║íi ─æang d├╣ng	subtitle: 'Gß╗¡i m├ú OTP tß╗¢i sß╗æ ─æiß╗çn thoß║íi ─æang d├╣ng',
lib/features/profile/screens/settings_screen.dart	1432	VI	─Éß╗òi mß║¡t khß║⌐u	title: '─Éß╗òi mß║¡t khß║⌐u',
lib/features/profile/screens/settings_screen.dart	1433	VI	Cß║¡p nhß║¡t mß║¡t khß║⌐u ─æ─âng nhß║¡p	subtitle: 'Cß║¡p nhß║¡t mß║¡t khß║⌐u ─æ─âng nhß║¡p',
lib/features/profile/screens/settings_screen.dart	1440	VI	Mß║¡t khß║⌐u mß║ính	title: 'Mß║¡t khß║⌐u mß║ính',
lib/features/profile/screens/settings_screen.dart	1441	VI	Tß╗æi thiß╗âu 8 k├╜ tß╗▒, n├¬n c├│ chß╗» hoa v├á sß╗æ	subtitle: 'Tß╗æi thiß╗âu 8 k├╜ tß╗▒, n├¬n c├│ chß╗» hoa v├á sß╗æ',
lib/features/profile/screens/settings_screen.dart	1458	VI	Thiß║┐t bß╗ï hiß╗çn tß║íi	title: 'Thiß║┐t bß╗ï hiß╗çn tß║íi',
lib/features/profile/screens/settings_screen.dart	1459	VI	─Éang hoß║ít ─æß╗Öng	subtitle: '─Éang hoß║ít ─æß╗Öng',
lib/features/profile/screens/settings_screen.dart	1497	VI	B├ío c├ío cß╗ºa t├┤i	title: 'B├ío c├ío cß╗ºa t├┤i',
lib/features/profile/screens/settings_screen.dart	1498	VI	Theo d├╡i trß║íng th├íi v├á kß║┐t quß║ú xß╗¡ l├╜ b├ío c├ío	subtitle: 'Theo d├╡i trß║íng th├íi v├á kß║┐t quß║ú xß╗¡ l├╜ b├ío c├ío',
lib/features/profile/screens/settings_screen.dart	1763	VI	Kh├┤ng thß╗â cß║¡p nhß║¡t c├ái ─æß║╖t th├┤ng b├ío	const SnackBar(content: Text('Kh├┤ng thß╗â cß║¡p nhß║¡t c├ái ─æß║╖t th├┤ng b├ío')),
lib/features/profile/screens/settings_screen.dart	1948	VI	Tß║Ñt cß║ú	title: 'Tß║Ñt cß║ú',
lib/features/profile/screens/settings_screen.dart	1965	VI	Chß╗ë @tag	title: 'Chß╗ë @tag',
lib/features/profile/screens/settings_screen.dart	1983	VI	Tß║»t	title: 'Tß║»t',
lib/features/profile/screens/settings_screen.dart	2352	VI	Thß╗¡ lß║íi	FilledButton(onPressed: onRetry, child: const Text('Thß╗¡ lß║íi')),
lib/features/profile/utils/email_verification_flow.dart	16	VI	Kh├┤ng t├¼m thß║Ñy email ─æß╗â x├íc minh	const SnackBar(content: Text('Kh├┤ng t├¼m thß║Ñy email ─æß╗â x├íc minh')),
lib/features/profile/utils/email_verification_flow.dart	29	VI	Kh├┤ng thß╗â gß╗¡i m├ú x├íc minh: $e	SnackBar(content: Text('Kh├┤ng thß╗â gß╗¡i m├ú x├íc minh: $e')),
lib/features/profile/utils/email_verification_flow.dart	49	VI	Vui l├▓ng nhß║¡p m├ú x├íc minh	const SnackBar(content: Text('Vui l├▓ng nhß║¡p m├ú x├íc minh')),
lib/features/profile/utils/email_verification_flow.dart	65	VI	─É├ú x├íc minh email th├ánh c├┤ng	const SnackBar(content: Text('─É├ú x├íc minh email th├ánh c├┤ng')),
lib/features/profile/utils/email_verification_flow.dart	71	VI	X├íc minh thß║Ñt bß║íi: $e	SnackBar(content: Text('X├íc minh thß║Ñt bß║íi: $e')),
lib/features/profile/utils/email_verification_flow.dart	84	VI	X├íc minh email	title: const Text('X├íc minh email'),
lib/features/profile/utils/email_verification_flow.dart	97	VI	M├ú x├íc minh	labelText: 'M├ú x├íc minh',
lib/features/profile/utils/email_verification_flow.dart	98	VI	Nhß║¡p m├ú tß╗½ email	hintText: 'Nhß║¡p m├ú tß╗½ email',
lib/features/profile/utils/email_verification_flow.dart	106	VI	Hß╗ºy	child: const Text('Hß╗ºy'),
lib/features/profile/utils/email_verification_flow.dart	116	VI	X├íc minh	: const Text('X├íc minh'),
lib/features/profile/utils/phone_verification_flow.dart	18	VI	Vui l├▓ng cß║¡p nhß║¡t sß╗æ ─æiß╗çn thoß║íi tr╞░ß╗¢c khi x├íc minh	const SnackBar(content: Text('Vui l├▓ng cß║¡p nhß║¡t sß╗æ ─æiß╗çn thoß║íi tr╞░ß╗¢c khi x├íc minh')),
lib/features/profile/utils/phone_verification_flow.dart	31	VI	Kh├┤ng thß╗â gß╗¡i m├ú OTP: $e	SnackBar(content: Text('Kh├┤ng thß╗â gß╗¡i m├ú OTP: $e')),
lib/features/profile/utils/phone_verification_flow.dart	51	VI	Vui l├▓ng nhß║¡p m├ú OTP	const SnackBar(content: Text('Vui l├▓ng nhß║¡p m├ú OTP')),
lib/features/profile/utils/phone_verification_flow.dart	65	VI	─É├ú x├íc minh sß╗æ ─æiß╗çn thoß║íi th├ánh c├┤ng	const SnackBar(content: Text('─É├ú x├íc minh sß╗æ ─æiß╗çn thoß║íi th├ánh c├┤ng')),
lib/features/profile/utils/phone_verification_flow.dart	71	VI	X├íc minh thß║Ñt bß║íi: $e	SnackBar(content: Text('X├íc minh thß║Ñt bß║íi: $e')),
lib/features/profile/utils/phone_verification_flow.dart	80	VI	X├íc minh sß╗æ ─æiß╗çn thoß║íi	title: const Text('X├íc minh sß╗æ ─æiß╗çn thoß║íi'),
lib/features/profile/utils/phone_verification_flow.dart	95	VI	M├ú OTP	labelText: 'M├ú OTP',
lib/features/profile/utils/phone_verification_flow.dart	96	VI	Nhß║¡p m├ú 6 chß╗» sß╗æ	hintText: 'Nhß║¡p m├ú 6 chß╗» sß╗æ',
lib/features/profile/utils/phone_verification_flow.dart	105	VI	Hß╗ºy	child: const Text('Hß╗ºy'),
lib/features/profile/utils/phone_verification_flow.dart	115	VI	X├íc minh	: const Text('X├íc minh'),
lib/features/profile/widgets/language_setting_card.dart	76	VI	Tiß║┐ng Viß╗çt	child: Text(l10n?.languageVi ?? 'Tiß║┐ng Viß╗çt'),
lib/features/profile/widgets/language_setting_card.dart	80	OTHER	English	child: Text(l10n?.languageEn ?? 'English'),
lib/features/profile/widgets/user_profile_bottom_sheet.dart	124	VI	Kh├┤ng thß╗â mß╗ƒ cuß╗Öc tr├▓ chuyß╗çn: $e	content: Text('Kh├┤ng thß╗â mß╗ƒ cuß╗Öc tr├▓ chuyß╗çn: $e'),
lib/features/profile/widgets/user_profile_bottom_sheet.dart	159	VI	Lß╗ùi khi mß╗ƒ g├ín danh hiß╗çu: $e	content: Text('Lß╗ùi khi mß╗ƒ g├ín danh hiß╗çu: $e'),
lib/features/rankings/screens/leaderboard_screen.dart	89	VI	Kh├┤ng c├│ m├┤n thß╗â thao	title: 'Kh├┤ng c├│ m├┤n thß╗â thao',
lib/features/rankings/screens/leaderboard_screen.dart	90	VI	Ch╞░a c├│ m├┤n thß╗â thao n├áo ─æ╞░ß╗úc ─æß╗ïnh ngh─⌐a.	subtitle: 'Ch╞░a c├│ m├┤n thß╗â thao n├áo ─æ╞░ß╗úc ─æß╗ïnh ngh─⌐a.',
lib/features/rankings/screens/leaderboard_screen.dart	157	VI	Kh├┤ng thß╗â tß║úi bß║úng xß║┐p hß║íng	title: 'Kh├┤ng thß╗â tß║úi bß║úng xß║┐p hß║íng',
lib/features/rankings/screens/leaderboard_screen.dart	186	VI	Lß╗ùi tß║úi danh s├ích m├┤n thß╗â thao	title: 'Lß╗ùi tß║úi danh s├ích m├┤n thß╗â thao',
lib/features/rankings/screens/leaderboard_screen.dart	756	VI	Thß╗¡ lß║íi	FilledButton(onPressed: onRetry, child: const Text('Thß╗¡ lß║íi')),
lib/features/rankings/widgets/elo_progress_card.dart	112	VI	Trang c├í nh├ón	tooltip: 'Trang c├í nh├ón',
lib/features/rankings/widgets/elo_progress_card.dart	326	VI	Trß║¡n	_StatChip(label: 'Trß║¡n', value: '$matchesPlayed'),
lib/features/rankings/widgets/elo_progress_card.dart	326	OTHER	$matchesPlayed	_StatChip(label: 'Trß║¡n', value: '$matchesPlayed'),
lib/features/rankings/widgets/elo_progress_card.dart	328	VI	Thß║»ng	_StatChip(label: 'Thß║»ng', value: '$matchesWon'),
lib/features/rankings/widgets/elo_progress_card.dart	328	OTHER	$matchesWon	_StatChip(label: 'Thß║»ng', value: '$matchesWon'),
lib/features/rankings/widgets/elo_progress_card.dart	330	VI	Tß╗ë lß╗ç	_StatChip(label: 'Tß╗ë lß╗ç', value: '$winRate%'),
lib/features/rankings/widgets/elo_progress_card.dart	330	OTHER	$winRate%	_StatChip(label: 'Tß╗ë lß╗ç', value: '$winRate%'),
lib/features/rankings/widgets/elo_progress_card.dart	332	OTHER	Peak	_StatChip(label: 'Peak', value: '$peakElo'),
lib/features/rankings/widgets/elo_progress_card.dart	332	OTHER	$peakElo	_StatChip(label: 'Peak', value: '$peakElo'),
lib/features/rankings/widgets/tier_theme.dart	43	OTHER	A+	label: 'A+',
lib/features/rankings/widgets/tier_theme.dart	54	OTHER	A-	label: 'A-',
lib/features/rankings/widgets/tier_theme.dart	65	OTHER	B+	label: 'B+',
lib/features/rankings/widgets/tier_theme.dart	76	OTHER	B-	label: 'B-',
lib/features/rankings/widgets/tier_theme.dart	87	OTHER	C+	label: 'C+',
lib/features/rankings/widgets/tier_theme.dart	98	OTHER	C-	label: 'C-',
lib/features/rankings/widgets/tier_theme.dart	109	OTHER	D+	label: 'D+',
lib/features/rankings/widgets/tier_theme.dart	120	OTHER	D-	label: 'D-',
lib/features/referee/screens/referee_invites_screen.dart	109	VI	Kh├┤ng thß╗â xß╗¡ l├╜ lß╗¥i mß╗¥i: ${e.toString().replaceAll(	content: Text('Kh├┤ng thß╗â xß╗¡ l├╜ lß╗¥i mß╗¥i: ${e.toString().replaceAll('Exception: ', '')}'),
lib/features/referee/screens/referee_invites_screen.dart	109	OTHER	)}	content: Text('Kh├┤ng thß╗â xß╗¡ l├╜ lß╗¥i mß╗¥i: ${e.toString().replaceAll('Exception: ', '')}'),
lib/features/referee/screens/referee_invites_screen.dart	207	VI	Ng├áy mß╗¥i	label: 'Ng├áy mß╗¥i',
lib/features/referee/screens/referee_invites_screen.dart	213	VI	Trß║íng th├íi giß║úi	label: 'Trß║íng th├íi giß║úi',
lib/features/referee/screens/referee_invites_screen.dart	282	OTHER	$label:	'$label:',
lib/features/referee/screens/referee_invites_screen.dart	373	VI	Thß╗¡ lß║íi	FilledButton(onPressed: onRetry, child: const Text('Thß╗¡ lß║íi')),
lib/features/register/screens/doubles_registration_screen.dart	191	OTHER	$label${required ?	labelText: '$label${required ? ' *' : ''}',
lib/features/register/screens/doubles_registration_screen.dart	197	VI	Chß╗ìn mß╗Öt lß╗▒a chß╗ìn	child: Text('Chß╗ìn mß╗Öt lß╗▒a chß╗ìn'),
lib/features/register/screens/doubles_registration_screen.dart	223	OTHER	$label${required ?	labelText: '$label${required ? ' *' : ''}',
lib/features/register/screens/doubles_registration_screen.dart	720	OTHER	${l10n.registerTournamentNotFound}: $e	Center(child: Text('${l10n.registerTournamentNotFound}: $e')),
lib/features/register/screens/doubles_registration_screen.dart	1158	VI	Mß╗¥i tham gia ─æß╗Öi ${_teamNameCtrl.text}	title: 'Mß╗¥i tham gia ─æß╗Öi ${_teamNameCtrl.text}',
lib/features/register/screens/doubles_registration_screen.dart	1159	VI	Giß║úi ${t.name}	subtitle: 'Giß║úi ${t.name}',
lib/features/register/screens/doubles_registration_screen.dart	1391	VI	Tham gia ─æß╗Öi ${_teamNameCtrl.text}	title: 'Tham gia ─æß╗Öi ${_teamNameCtrl.text}',
lib/features/register/screens/doubles_registration_screen.dart	1392	VI	Giß║úi ${t.name} - Partner: $_partnerContact	subtitle: 'Giß║úi ${t.name} - Partner: $_partnerContact',
lib/features/register/screens/doubles_registration_screen.dart	1401	VI	Chia sß║╗ tß╗¢i ─æß╗ông ─æß╗Öi	label: const Text('Chia sß║╗ tß╗¢i ─æß╗ông ─æß╗Öi'),
lib/features/register/screens/doubles_registration_screen.dart	1571	VI	Xem chi tiß║┐t	child: const Text('Xem chi tiß║┐t'),
lib/features/register/screens/football_team_register_screen.dart	79	VI	Kh├┤ng thß╗â cß║¡p nhß║¡t ─æß╗Öi h├¼nh	if (mounted) ScaffoldMessenger.of(context).showSnackBar(SnackBar(content: Text(ErrorParser.parse(error, 'Kh├┤ng thß╗â cß║¡p nhß║¡t ─æß╗Öi h├¼nh'))));
lib/features/register/screens/football_team_register_screen.dart	95	VI	─É├ú tß║ío ─æß╗Öi. H├úy mß╗¥i ─æß╗º th├ánh vi├¬n trong trang ─æß╗Öi.	ScaffoldMessenger.of(context).showSnackBar(const SnackBar(content: Text('─É├ú tß║ío ─æß╗Öi. H├úy mß╗¥i ─æß╗º th├ánh vi├¬n trong trang ─æß╗Öi.')));
lib/features/register/screens/football_team_register_screen.dart	96	VI	Kh├┤ng thß╗â tß║ío ─æß╗Öi	} catch (error) { if (mounted) ScaffoldMessenger.of(context).showSnackBar(SnackBar(content: Text(ErrorParser.parse(error, 'Kh├┤ng thß╗â tß║ío ─æß╗Öi')))); }
lib/features/register/screens/football_team_register_screen.dart	154	VI	─É├ú l╞░u roster nh├íp.	SnackBar(content: Text(_selectedMemberIds.length < widget.teamSize ? '─É├ú l╞░u roster nh├íp.' : '─É├ú cß║¡p nhß║¡t roster ─æß╗Öi.')),
lib/features/register/screens/football_team_register_screen.dart	154	VI	─É├ú cß║¡p nhß║¡t roster ─æß╗Öi.	SnackBar(content: Text(_selectedMemberIds.length < widget.teamSize ? '─É├ú l╞░u roster nh├íp.' : '─É├ú cß║¡p nhß║¡t roster ─æß╗Öi.')),
lib/features/register/screens/football_team_register_screen.dart	183	VI	Kh├┤ng thß╗â ─æ─âng k├╜ ─æß╗Öi	} catch (error) { if (mounted) ScaffoldMessenger.of(context).showSnackBar(SnackBar(content: Text(ErrorParser.parse(error, 'Kh├┤ng thß╗â ─æ─âng k├╜ ─æß╗Öi')))); }
lib/features/register/screens/football_team_register_screen.dart	189	VI	─É─âng k├╜ ─æß╗Öi b├│ng	appBar: AppBar(title: const Text('─É─âng k├╜ ─æß╗Öi b├│ng')),
lib/features/register/screens/football_team_register_screen.dart	196	VI	Bß║ín ─æ╞░ß╗úc chß╗ìn v├áo ─æß╗Öi h├¼nh giß║úi n├áy	const Text('Bß║ín ─æ╞░ß╗úc chß╗ìn v├áo ─æß╗Öi h├¼nh giß║úi n├áy', style: TextStyle(fontWeight: FontWeight.w800)),
lib/features/register/screens/football_team_register_screen.dart	198	VI	H├úy x├íc nhß║¡n tr╞░ß╗¢c khi Ban tß╗ò chß╗⌐c kh├│a roster.	const Text('H├úy x├íc nhß║¡n tr╞░ß╗¢c khi Ban tß╗ò chß╗⌐c kh├│a roster.', style: TextStyle(fontSize: 12)),
lib/features/register/screens/football_team_register_screen.dart	201	EN/OTHER	CONFIRM	FilledButton.icon(onPressed: _rosterAction ? null : () => _respondToRoster('CONFIRM'), icon: const Icon(Icons.check, size: 16), label: const Text('X├íc nhß║¡n')),
lib/features/register/screens/football_team_register_screen.dart	201	VI	X├íc nhß║¡n	FilledButton.icon(onPressed: _rosterAction ? null : () => _respondToRoster('CONFIRM'), icon: const Icon(Icons.check, size: 16), label: const Text('X├íc nhß║¡n')),
lib/features/register/screens/football_team_register_screen.dart	203	OTHER	DECLINE	OutlinedButton.icon(onPressed: _rosterAction ? null : () => _respondToRoster('DECLINE'), icon: const Icon(Icons.close, size: 16), label: const Text('Tß╗½ chß╗æi')),
lib/features/register/screens/football_team_register_screen.dart	203	VI	Tß╗½ chß╗æi	OutlinedButton.icon(onPressed: _rosterAction ? null : () => _respondToRoster('DECLINE'), icon: const Icon(Icons.close, size: 16), label: const Text('Tß╗½ chß╗æi')),
lib/features/register/screens/football_team_register_screen.dart	208	VI	Chß╗ìn ─æß╗Öi ─æ├ú tß║ío	const Text('Chß╗ìn ─æß╗Öi ─æ├ú tß║ío', style: TextStyle(fontWeight: FontWeight.w700)),
lib/features/register/screens/football_team_register_screen.dart	211	VI	Ch╞░a c├│ ─æß╗Öi b├│ng ph├╣ hß╗úp vß╗¢i m├┤n n├áy.	const Card(child: Padding(padding: EdgeInsets.all(16), child: Text('Ch╞░a c├│ ─æß╗Öi b├│ng ph├╣ hß╗úp vß╗¢i m├┤n n├áy.')))
lib/features/register/screens/football_team_register_screen.dart	224	OTHER	PLAYER	subtitle: Text(team.role == 'PLAYER' ? 'Th├ánh vi├¬n' : 'C├│ quyß╗ün ─æ─âng k├╜'),
lib/features/register/screens/football_team_register_screen.dart	224	VI	Th├ánh vi├¬n	subtitle: Text(team.role == 'PLAYER' ? 'Th├ánh vi├¬n' : 'C├│ quyß╗ün ─æ─âng k├╜'),
lib/features/register/screens/football_team_register_screen.dart	224	VI	C├│ quyß╗ün ─æ─âng k├╜	subtitle: Text(team.role == 'PLAYER' ? 'Th├ánh vi├¬n' : 'C├│ quyß╗ün ─æ─âng k├╜'),
lib/features/register/screens/football_team_register_screen.dart	230	VI	─Éß╗Öi h├¼nh ─æ─âng k├╜	const Text('─Éß╗Öi h├¼nh ─æ─âng k├╜', style: TextStyle(fontWeight: FontWeight.w700)),
lib/features/register/screens/football_team_register_screen.dart	232	VI	Chß╗ìn tß╗æi ─æa ${widget.teamSize} cß║ºu thß╗º ch├¡nh v├á tß╗æi ─æa ${widget.maxReserve} dß╗▒ bß╗ï. C├│ thß╗â bß╗ò sung sau khi l╞░u nh├íp.	Text('Chß╗ìn tß╗æi ─æa ${widget.teamSize} cß║ºu thß╗º ch├¡nh v├á tß╗æi ─æa ${widget.maxReserve} dß╗▒ bß╗ï. C├│ thß╗â bß╗ò sung sau khi l╞░u nh├íp.', style: const TextStyle(fontSize: 12, color: Colors.black54)),
lib/features/register/screens/football_team_register_screen.dart	238	VI	Ch├¡nh ΓÇó ${member.role}	subtitle: Text(_selectedMemberIds.contains(member.userId) ? 'Ch├¡nh ΓÇó ${member.role}' : _selectedReserveIds.contains(member.userId) ? 'Dß╗▒ bß╗ï ΓÇó ${member.role}' : member.role),
lib/features/register/screens/football_team_register_screen.dart	238	VI	Dß╗▒ bß╗ï ΓÇó ${member.role}	subtitle: Text(_selectedMemberIds.contains(member.userId) ? 'Ch├¡nh ΓÇó ${member.role}' : _selectedReserveIds.contains(member.userId) ? 'Dß╗▒ bß╗ï ΓÇó ${member.role}' : member.role),
lib/features/register/screens/football_team_register_screen.dart	242	VI	Tß║ío ─æß╗Öi nhanh	const Text('Tß║ío ─æß╗Öi nhanh', style: TextStyle(fontWeight: FontWeight.w700)),
lib/features/register/screens/football_team_register_screen.dart	244	VI	T├¬n ─æß╗Öi	Row(children: [Expanded(child: TextField(controller: _name, decoration: const InputDecoration(hintText: 'T├¬n ─æß╗Öi'))), const SizedBox(width: 8), FilledButton(onPressed: _saving ? null : _create, child: const Text('Tß║ío'))]),
lib/features/register/screens/football_team_register_screen.dart	244	VI	Tß║ío	Row(children: [Expanded(child: TextField(controller: _name, decoration: const InputDecoration(hintText: 'T├¬n ─æß╗Öi'))), const SizedBox(width: 8), FilledButton(onPressed: _saving ? null : _create, child: const Text('Tß║ío'))]),
lib/features/register/screens/football_team_register_screen.dart	247	VI	Roster ─æ├ú kh├│a, chß╗ë c├│ thß╗â xem ─æß╗Öi h├¼nh.	const Card(child: Padding(padding: EdgeInsets.all(12), child: Text('Roster ─æ├ú kh├│a, chß╗ë c├│ thß╗â xem ─æß╗Öi h├¼nh.'))),
lib/features/register/screens/football_team_register_screen.dart	248	OTHER	LOCKED	FilledButton.icon(onPressed: _saving || _loading || _rosterStatus?.entryStatus == 'LOCKED' || _selected == null || _selectedMemberIds.isEmpty || _selectedReserveIds.length > widget.maxReserve ? null : _register, icon: const Icon(Icons.check), label: Text(widget.participantId != null ? 'Cß║¡p nhß║¡t roster' : _selectedMemberIds.length < widget.teamSize ? 'L╞░u ─æ─âng k├╜ nh├íp' : '─É─âng k├╜ ─æß╗Öi ─æ├ú chß╗ìn')),
lib/features/register/screens/football_team_register_screen.dart	248	VI	Cß║¡p nhß║¡t roster	FilledButton.icon(onPressed: _saving || _loading || _rosterStatus?.entryStatus == 'LOCKED' || _selected == null || _selectedMemberIds.isEmpty || _selectedReserveIds.length > widget.maxReserve ? null : _register, icon: const Icon(Icons.check), label: Text(widget.participantId != null ? 'Cß║¡p nhß║¡t roster' : _selectedMemberIds.length < widget.teamSize ? 'L╞░u ─æ─âng k├╜ nh├íp' : '─É─âng k├╜ ─æß╗Öi ─æ├ú chß╗ìn')),
lib/features/register/screens/football_team_register_screen.dart	248	VI	L╞░u ─æ─âng k├╜ nh├íp	FilledButton.icon(onPressed: _saving || _loading || _rosterStatus?.entryStatus == 'LOCKED' || _selected == null || _selectedMemberIds.isEmpty || _selectedReserveIds.length > widget.maxReserve ? null : _register, icon: const Icon(Icons.check), label: Text(widget.participantId != null ? 'Cß║¡p nhß║¡t roster' : _selectedMemberIds.length < widget.teamSize ? 'L╞░u ─æ─âng k├╜ nh├íp' : '─É─âng k├╜ ─æß╗Öi ─æ├ú chß╗ìn')),
lib/features/register/screens/football_team_register_screen.dart	248	VI	─É─âng k├╜ ─æß╗Öi ─æ├ú chß╗ìn	FilledButton.icon(onPressed: _saving || _loading || _rosterStatus?.entryStatus == 'LOCKED' || _selected == null || _selectedMemberIds.isEmpty || _selectedReserveIds.length > widget.maxReserve ? null : _register, icon: const Icon(Icons.check), label: Text(widget.participantId != null ? 'Cß║¡p nhß║¡t roster' : _selectedMemberIds.length < widget.teamSize ? 'L╞░u ─æ─âng k├╜ nh├íp' : '─É─âng k├╜ ─æß╗Öi ─æ├ú chß╗ìn')),
lib/features/register/screens/football_team_register_screen.dart	262	VI	Cß║ºu thß╗º ch├¡nh	ListTile(leading: const Icon(Icons.sports_soccer), title: const Text('Cß║ºu thß╗º ch├¡nh'), enabled: current != 'MAIN' && _selectedMemberIds.length >= widget.teamSize ? false : true, onTap: () => Navigator.pop(sheetContext, 'MAIN')),
lib/features/register/screens/football_team_register_screen.dart	262	OTHER	MAIN	ListTile(leading: const Icon(Icons.sports_soccer), title: const Text('Cß║ºu thß╗º ch├¡nh'), enabled: current != 'MAIN' && _selectedMemberIds.length >= widget.teamSize ? false : true, onTap: () => Navigator.pop(sheetContext, 'MAIN')),
lib/features/register/screens/football_team_register_screen.dart	262	OTHER	MAIN	ListTile(leading: const Icon(Icons.sports_soccer), title: const Text('Cß║ºu thß╗º ch├¡nh'), enabled: current != 'MAIN' && _selectedMemberIds.length >= widget.teamSize ? false : true, onTap: () => Navigator.pop(sheetContext, 'MAIN')),
lib/features/register/screens/football_team_register_screen.dart	263	VI	Cß║ºu thß╗º dß╗▒ bß╗ï	ListTile(leading: const Icon(Icons.event_seat), title: const Text('Cß║ºu thß╗º dß╗▒ bß╗ï'), enabled: current != 'RESERVE' && _selectedReserveIds.length >= widget.maxReserve ? false : true, onTap: () => Navigator.pop(sheetContext, 'RESERVE')),
lib/features/register/screens/football_team_register_screen.dart	263	OTHER	RESERVE	ListTile(leading: const Icon(Icons.event_seat), title: const Text('Cß║ºu thß╗º dß╗▒ bß╗ï'), enabled: current != 'RESERVE' && _selectedReserveIds.length >= widget.maxReserve ? false : true, onTap: () => Navigator.pop(sheetContext, 'RESERVE')),
lib/features/register/screens/football_team_register_screen.dart	263	OTHER	RESERVE	ListTile(leading: const Icon(Icons.event_seat), title: const Text('Cß║ºu thß╗º dß╗▒ bß╗ï'), enabled: current != 'RESERVE' && _selectedReserveIds.length >= widget.maxReserve ? false : true, onTap: () => Navigator.pop(sheetContext, 'RESERVE')),
lib/features/register/screens/football_team_register_screen.dart	264	VI	Bß╗Å chß╗ìn	ListTile(leading: const Icon(Icons.remove_circle_outline), title: const Text('Bß╗Å chß╗ìn'), onTap: () => Navigator.pop(sheetContext, 'NONE')),
lib/features/register/screens/football_team_register_screen.dart	264	OTHER	NONE	ListTile(leading: const Icon(Icons.remove_circle_outline), title: const Text('Bß╗Å chß╗ìn'), onTap: () => Navigator.pop(sheetContext, 'NONE')),
lib/features/register/screens/tournament_register_screen.dart	296	OTHER	$label${required ?	labelText: '$label${required ? ' *' : ''}',
lib/features/register/screens/tournament_register_screen.dart	302	VI	Chß╗ìn mß╗Öt lß╗▒a chß╗ìn	child: Text('Chß╗ìn mß╗Öt lß╗▒a chß╗ìn'),
lib/features/register/screens/tournament_register_screen.dart	328	OTHER	$label${required ?	labelText: '$label${required ? ' *' : ''}',
lib/features/register/screens/tournament_register_screen.dart	482	VI	Hß╗ô s╞í ch╞░a ─æß║ºy ─æß╗º	title: const Text('Hß╗ô s╞í ch╞░a ─æß║ºy ─æß╗º'),
lib/features/register/screens/tournament_register_screen.dart	489	VI	─É├│ng	child: const Text('─É├│ng'),
lib/features/register/screens/tournament_register_screen.dart	496	VI	Cß║¡p nhß║¡t ngay	child: const Text('Cß║¡p nhß║¡t ngay'),
lib/features/register/screens/tournament_register_screen.dart	864	VI	Lß╗ùi: $e	error: (e, _) => Center(child: Text('Lß╗ùi: $e')),
lib/features/register/screens/tournament_register_screen.dart	962	VI	Xem m├ú mß╗¥i & Link gh├⌐p ─æ├┤i	label: const Text('Xem m├ú mß╗¥i & Link gh├⌐p ─æ├┤i'),
lib/features/series/screens/series_detail_screen.dart	163	VI	Kh├┤ng t├¼m thß║Ñy chuß╗ùi giß║úi	Text('Kh├┤ng t├¼m thß║Ñy chuß╗ùi giß║úi', style: TextStyle(fontSize: 16, fontWeight: FontWeight.w700, color: colors.textPrimary)),
lib/features/series/screens/series_detail_screen.dart	178	VI	Kh├┤ng thß╗â tß║úi th├┤ng tin chuß╗ùi giß║úi	Text('Kh├┤ng thß╗â tß║úi th├┤ng tin chuß╗ùi giß║úi', style: TextStyle(color: colors.textSecondary)),
lib/features/series/screens/series_detail_screen.dart	183	VI	Thß╗¡ lß║íi	label: const Text('Thß╗¡ lß║íi'),
lib/features/series/screens/series_detail_screen.dart	360	VI	Giß╗¢i thiß╗çu	child: Text('Giß╗¢i thiß╗çu', style: TextStyle(fontSize: 16, fontWeight: FontWeight.w800, color: colors.textPrimary)),
lib/features/series/screens/series_detail_screen.dart	379	VI	Th├┤ng tin	child: Text('Th├┤ng tin', style: TextStyle(fontSize: 16, fontWeight: FontWeight.w800, color: colors.textPrimary)),
lib/features/series/screens/series_detail_screen.dart	453	VI	Ch╞░a c├│ lß╗ïch thi ─æß║Ñu	Text('Ch╞░a c├│ lß╗ïch thi ─æß║Ñu', style: TextStyle(fontSize: 15, fontWeight: FontWeight.w600, color: colors.textSecondary)),
lib/features/series/screens/series_detail_screen.dart	540	VI	Ch╞░a c├│ bß║úng xß║┐p hß║íng	Text('Ch╞░a c├│ bß║úng xß║┐p hß║íng', style: TextStyle(fontSize: 15, fontWeight: FontWeight.w600, color: colors.textSecondary)),
lib/features/series/screens/series_detail_screen.dart	542	VI	Bß║úng xß║┐p hß║íng sß║╜ cß║¡p nhß║¡t sau mß╗ùi chß║╖ng	Text('Bß║úng xß║┐p hß║íng sß║╜ cß║¡p nhß║¡t sau mß╗ùi chß║╖ng', style: TextStyle(fontSize: 12, color: colors.textMuted)),
lib/features/series/screens/series_detail_screen.dart	576	OTHER	${rank.position}	: Text('${rank.position}', style: TextStyle(fontSize: 14, fontWeight: FontWeight.w800, color: colors.textMuted), textAlign: TextAlign.center),
lib/features/series/screens/series_detail_screen.dart	595	OTHER	${rank.points} pts	Text('${rank.points} pts', style: TextStyle(fontSize: 14, fontWeight: FontWeight.w800, color: colors.textPrimary)),
lib/features/series/screens/series_detail_screen.dart	596	OTHER	${rank.totalWins}W - ${rank.totalLosses}L	Text('${rank.totalWins}W - ${rank.totalLosses}L', style: TextStyle(fontSize: 10, color: colors.textMuted)),
lib/features/series/screens/series_screen.dart	59	VI	Chuß╗ùi giß║úi ─æß║Ñu	title: const Text('Chuß╗ùi giß║úi ─æß║Ñu'),
lib/features/series/screens/series_screen.dart	86	VI	Lß╗ùi: $e	error: (e, _) => Center(child: Text('Lß╗ùi: $e')),
lib/features/series/screens/series_screen.dart	96	VI	Ch╞░a c├│ chuß╗ùi giß║úi ─æß║Ñu	Text('Ch╞░a c├│ chuß╗ùi giß║úi ─æß║Ñu', style: TextStyle(fontSize: 16, fontWeight: FontWeight.w700, color: context.colors.textPrimary)),
lib/features/series/screens/series_screen.dart	98	VI	C├íc chuß╗ùi giß║úi ─æß║Ñu sß║╜ xuß║Ñt hiß╗çn tß║íi ─æ├óy	Text('C├íc chuß╗ùi giß║úi ─æß║Ñu sß║╜ xuß║Ñt hiß╗çn tß║íi ─æ├óy', style: TextStyle(fontSize: 13, color: context.colors.textMuted)),
lib/features/series/screens/series_screen.dart	142	VI	${series.legCount} chß║╖ng ΓÇó ${fmt.format(series.participantCount)} V─ÉV	Text('${series.legCount} chß║╖ng ΓÇó ${fmt.format(series.participantCount)} V─ÉV', style: TextStyle(fontSize: 11, color: context.colors.textMuted)),
lib/features/teams/screens/add_team_screen.dart	99	VI	Γ£à Th├¬m ─æß╗Öi th├ánh c├┤ng!	content: Text('Γ£à Th├¬m ─æß╗Öi th├ánh c├┤ng!'),
lib/features/teams/screens/add_team_screen.dart	117	VI	Γ£à Cß║¡p nhß║¡t ─æß╗Öi th├ánh c├┤ng!	content: Text('Γ£à Cß║¡p nhß║¡t ─æß╗Öi th├ánh c├┤ng!'),
lib/features/teams/screens/add_team_screen.dart	127	VI	Lß╗ùi: $e	SnackBar(content: Text('Lß╗ùi: $e'), backgroundColor: context.colors.error),
lib/features/teams/screens/add_team_screen.dart	141	VI	Th├¬m ─æß╗Öi / V─ÉV	title: Text(widget.teamToEdit == null ? 'Th├¬m ─æß╗Öi / V─ÉV' : 'Sß╗¡a th├┤ng tin ─æß╗Öi'),
lib/features/teams/screens/add_team_screen.dart	141	VI	Sß╗¡a th├┤ng tin ─æß╗Öi	title: Text(widget.teamToEdit == null ? 'Th├¬m ─æß╗Öi / V─ÉV' : 'Sß╗¡a th├┤ng tin ─æß╗Öi'),
lib/features/teams/screens/add_team_screen.dart	149	VI	T├¬n ─æß╗Öi / V─ÉV *	Text('T├¬n ─æß╗Öi / V─ÉV *',
lib/features/teams/screens/add_team_screen.dart	164	VI	Th├ánh vi├¬n	Text('Th├ánh vi├¬n',
lib/features/teams/screens/add_team_screen.dart	170	VI	Th├¬m	label: const Text('Th├¬m', style: TextStyle(fontSize: 12)),
lib/features/teams/screens/add_team_screen.dart	200	VI	Email li├¬n hß╗ç (t├╣y chß╗ìn)	Text('Email li├¬n hß╗ç (t├╣y chß╗ìn)',
lib/features/teams/screens/add_team_screen.dart	221	VI	L╞░u ─æß╗Öi	: const Text('L╞░u ─æß╗Öi',
lib/features/teams/screens/team_list_screen.dart	68	VI	Kh├┤ng t├¼m thß║Ñy dß╗» liß╗çu hß╗úp lß╗ç trong file	content: Text('Kh├┤ng t├¼m thß║Ñy dß╗» liß╗çu hß╗úp lß╗ç trong file'),
lib/features/teams/screens/team_list_screen.dart	78	VI	Γ£à Import th├ánh c├┤ng ${teams.length} ─æß╗Öi!	content: Text('Γ£à Import th├ánh c├┤ng ${teams.length} ─æß╗Öi!'),
lib/features/teams/screens/team_list_screen.dart	84	VI	Lß╗ùi import: $e	content: Text('Lß╗ùi import: $e'),
lib/features/teams/screens/team_list_screen.dart	93	VI	X├│a to├án bß╗Ö?	title: 'X├│a to├án bß╗Ö?',
lib/features/teams/screens/team_list_screen.dart	94	VI	Bß║ín c├│ chß║»c chß║»n muß╗æn x├│a TO├ÇN Bß╗ÿ c├íc ─æß╗Öi b├│ng?\n\nH├ánh ─æß╗Öng n├áy c┼⌐ng sß║╜ x├│a to├án bß╗Ö s╞í ─æß╗ô/kß║┐t quß║ú thi ─æß║Ñu cß╗ºa giß║úi.	content: 'Bß║ín c├│ chß║»c chß║»n muß╗æn x├│a TO├ÇN Bß╗ÿ c├íc ─æß╗Öi b├│ng?\n\nH├ánh ─æß╗Öng n├áy c┼⌐ng sß║╜ x├│a to├án bß╗Ö s╞í ─æß╗ô/kß║┐t quß║ú thi ─æß║Ñu cß╗ºa giß║úi.',
lib/features/teams/screens/team_list_screen.dart	103	VI	─É├ú x├│a to├án bß╗Ö ─æß╗Öi b├│ng!	content: const Text('─É├ú x├│a to├án bß╗Ö ─æß╗Öi b├│ng!'),
lib/features/teams/screens/team_list_screen.dart	109	VI	Lß╗ùi: $e	content: Text('Lß╗ùi: $e'),
lib/features/teams/screens/team_list_screen.dart	133	VI	Quß║ún l├╜ ─æß╗Öi / V─ÉV	title: const Text('Quß║ún l├╜ ─æß╗Öi / V─ÉV'),
lib/features/teams/screens/team_list_screen.dart	138	VI	Import tß╗½ Excel	tooltip: 'Import tß╗½ Excel',
lib/features/teams/screens/team_list_screen.dart	152	VI	X├│a to├án bß╗Ö ─æß╗Öi	child: Text('X├│a to├án bß╗Ö ─æß╗Öi', style: TextStyle(color: context.colors.error)),
lib/features/teams/screens/team_list_screen.dart	169	VI	Ch╞░a c├│ ─æß╗Öi n├áo	Text('Ch╞░a c├│ ─æß╗Öi n├áo',
lib/features/teams/screens/team_list_screen.dart	177	VI	Th├¬m ─æß╗Öi mß╗¢i	label: const Text('Th├¬m ─æß╗Öi mß╗¢i'),
lib/features/teams/screens/team_list_screen.dart	182	VI	Giß║úi ─æß║Ñu ─æang diß╗àn ra. Kh├┤ng thß╗â th├¬m ─æß╗Öi.	child: Text('Giß║úi ─æß║Ñu ─æang diß╗àn ra. Kh├┤ng thß╗â th├¬m ─æß╗Öi.',
lib/features/teams/screens/team_list_screen.dart	204	VI	Lß╗ùi: $e	error: (e, _) => Center(child: Text('Lß╗ùi: $e')),
lib/features/teams/screens/team_list_screen.dart	211	VI	Th├¬m ─æß╗Öi	label: const Text('Th├¬m ─æß╗Öi',
lib/features/teams/screens/team_list_screen.dart	297	VI	Γ£ô ─É├ú duyß╗çt	child: Text('Γ£ô ─É├ú duyß╗çt',
lib/features/teams/screens/team_list_screen.dart	314	VI	X├│a ─æß╗Öi	title: 'X├│a ─æß╗Öi',
lib/features/teams/screens/team_list_screen.dart	315	VI	X├│a ─æß╗Öi ${team.name}?	content: 'X├│a ─æß╗Öi ${team.name}?',
lib/features/tournament/screens/create_public_quick_tournament_screen.dart	87	VI	─É├ú tß║ío giß║úi. ─Éang mß╗ƒ trang quß║ún l├╜ tr├¬n web.	content: Text('─É├ú tß║ío giß║úi. ─Éang mß╗ƒ trang quß║ún l├╜ tr├¬n web.'),
lib/features/tournament/screens/create_public_quick_tournament_screen.dart	122	VI	Tß║ío giß║úi nhanh	appBar: AppBar(title: const Text('Tß║ío giß║úi nhanh'), centerTitle: true),
lib/features/tournament/screens/create_public_quick_tournament_screen.dart	145	VI	VD: Giß║úi Cß║ºu l├┤ng Cuß╗æi Tuß║ºn	hintText: 'VD: Giß║úi Cß║ºu l├┤ng Cuß╗æi Tuß║ºn',
lib/features/tournament/screens/create_public_quick_tournament_screen.dart	191	OTHER	16	decoration: const InputDecoration(hintText: '16'),
lib/features/tournament/screens/create_public_quick_tournament_screen.dart	237	VI	─Éang tß║ío...	child: Text(_isSubmitting ? '─Éang tß║ío...' : 'Tß║ío giß║úi nhanh'),
lib/features/tournament/screens/create_public_quick_tournament_screen.dart	237	VI	Tß║ío giß║úi nhanh	child: Text(_isSubmitting ? '─Éang tß║ío...' : 'Tß║ío giß║úi nhanh'),
lib/features/tournament/screens/token_management_screen.dart	208	OTHER	${l10n.confirmRefreshContent} ${token.role.toRoleDisplayName()}?\n\n	content: '${l10n.confirmRefreshContent} ${token.role.toRoleDisplayName()}?\n\n'
lib/features/tournament/screens/tournament_detail_screen.dart	90	EN/OTHER	${l10n.deleteError}: $error	SnackBar(content: Text('${l10n.deleteError}: $error')),
lib/features/tournament/screens/tournament_detail_screen.dart	139	OTHER	${l10n.errorPrefix}: $e	body: Center(child: Text('${l10n.errorPrefix}: $e')),
lib/features/tournament/screens/tournament_detail_screen.dart	219	EN/OTHER	${tournament.maxTeams} ${l10n.teamsUnit}	InfoChip(label: '${tournament.maxTeams} ${l10n.teamsUnit}', color: AppTheme.primary),
lib/features/tournament/screens/tournament_detail_screen.dart	221	EN/OTHER	${tournament.maxPlayersPerTeam} ${l10n.playersPerTeam}	InfoChip(label: '${tournament.maxPlayersPerTeam} ${l10n.playersPerTeam}', color: AppTheme.secondary),
lib/features/tournament/screens/tournament_detail_screen.dart	358	OTHER	${l10n.errorPrefix}: $e	SnackBar(content: Text('${l10n.errorPrefix}: $e'), backgroundColor: context.colors.error),
lib/features/tournament/screens/tournament_intro_screen.dart	432	OTHER	${l10n.followError}: $e	).showSnackBar(SnackBar(content: Text('${l10n.followError}: $e')));
lib/features/tournament/widgets/tournament_info_form.dart	24	VI	T├¬n giß║úi ─æß║Ñu *	title: 'T├¬n giß║úi ─æß║Ñu *',
lib/features/tournament/widgets/tournament_info_form.dart	30	VI	VD: Giß║úi Cß║ºu l├┤ng M├╣a h├¿ 2025	hintText: 'VD: Giß║úi Cß║ºu l├┤ng M├╣a h├¿ 2025',
lib/features/tournament/widgets/tournament_info_form.dart	43	VI	M├┤ tß║ú (t├╣y chß╗ìn)	title: 'M├┤ tß║ú (t├╣y chß╗ìn)',
lib/features/tournament/widgets/tournament_info_form.dart	49	VI	Th├┤ng tin th├¬m vß╗ü giß║úi ─æß║Ñu, ─æß╗ïa ─æiß╗âm, thß╗¥i gian...	hintText: 'Th├┤ng tin th├¬m vß╗ü giß║úi ─æß║Ñu, ─æß╗ïa ─æiß╗âm, thß╗¥i gian...',
lib/features/tournament/widgets/tournament_settings_form.dart	51	VI	M├┤n thi ─æß║Ñu	title: 'M├┤n thi ─æß║Ñu',
lib/features/tournament/widgets/tournament_settings_form.dart	56	VI	Nß╗Öi dung thi ─æß║Ñu	title: 'Nß╗Öi dung thi ─æß║Ñu',
lib/features/tournament/widgets/tournament_settings_form.dart	61	VI	Hß║íng mß╗Ñc / Nß╗Öi dung	title: 'Hß║íng mß╗Ñc / Nß╗Öi dung',
lib/features/tournament/widgets/tournament_settings_form.dart	66	VI	Thß╗â thß╗⌐c thi ─æß║Ñu	title: 'Thß╗â thß╗⌐c thi ─æß║Ñu',
lib/features/tournament/widgets/tournament_settings_form.dart	131	VI	Sß╗æ v├▓ng ─æß║Ñu (Sß╗æ v├▓ng bß║ín muß╗æn diß╗àn ra)	title: 'Sß╗æ v├▓ng ─æß║Ñu (Sß╗æ v├▓ng bß║ín muß╗æn diß╗àn ra)',
lib/features/tournament/widgets/tournament_settings_form.dart	138	VI	VD: Nhß║¡p ─æ├║ng sß╗æ v├▓ng m├á bß║ín muß╗æn tß╗ò chß╗⌐c	hintText: 'VD: Nhß║¡p ─æ├║ng sß╗æ v├▓ng m├á bß║ín muß╗æn tß╗ò chß╗⌐c',
lib/features/tournament/widgets/tournament_settings_form.dart	159	VI	─Éang tß║úi danh s├ích m├┤n thi ─æß║Ñu...	return const Text('─Éang tß║úi danh s├ích m├┤n thi ─æß║Ñu...');
lib/shared/widgets/app_image_viewer.dart	211	VI	─É├│ng	tooltip: '─É├│ng',
lib/shared/widgets/app_image_viewer.dart	286	VI	Thu nhß╗Å	tooltip: 'Thu nhß╗Å',
lib/shared/widgets/app_image_viewer.dart	296	VI	Ph├│ng to	tooltip: 'Ph├│ng to',
lib/shared/widgets/report_sheet.dart	26	VI	Spam / Quß║úng c├ío	label: 'Spam / Quß║úng c├ío',
lib/shared/widgets/report_sheet.dart	31	VI	Nß╗Öi dung kh├┤ng ph├╣ hß╗úp	label: 'Nß╗Öi dung kh├┤ng ph├╣ hß╗úp',
lib/shared/widgets/report_sheet.dart	34	OTHER	cheating	ReportReason(key: 'cheating', label: 'Gian lß║¡n', icon: Icons.gavel_rounded),
lib/shared/widgets/report_sheet.dart	34	VI	Gian lß║¡n	ReportReason(key: 'cheating', label: 'Gian lß║¡n', icon: Icons.gavel_rounded),
lib/shared/widgets/report_sheet.dart	35	OTHER	other	ReportReason(key: 'other', label: 'Kh├íc', icon: Icons.more_horiz_rounded),
lib/shared/widgets/report_sheet.dart	35	VI	Kh├íc	ReportReason(key: 'other', label: 'Kh├íc', icon: Icons.more_horiz_rounded),
lib/shared/widgets/report_sheet.dart	122	VI	Cß║úm ╞ín bß║ín ─æ├ú b├ío c├ío. Ch├║ng t├┤i sß║╜ xem x├⌐t.	content: Text('Cß║úm ╞ín bß║ín ─æ├ú b├ío c├ío. Ch├║ng t├┤i sß║╜ xem x├⌐t.'),
lib/shared/widgets/report_sheet.dart	133	VI	Kh├┤ng thß╗â gß╗¡i b├ío c├ío. H├úy thß╗¡ lß║íi.	content: Text('Kh├┤ng thß╗â gß╗¡i b├ío c├ío. H├úy thß╗¡ lß║íi.'),
lib/shared/widgets/report_sheet.dart	275	VI	Nhß║¡p l├╜ do chi tiß║┐t...	hintText: 'Nhß║¡p l├╜ do chi tiß║┐t...',
lib/shared/widgets/report_sheet.dart	307	VI	Tß║úi tß╗çp	label: const Text('Tß║úi tß╗çp'),
lib/shared/widgets/withdraw_sheet.dart	167	VI	Lß╗ùi: $e	.showSnackBar(SnackBar(content: Text('Lß╗ùi: $e')));
lib/shared/widgets/withdraw_sheet.dart	271	VI	T├¬n ng├ón h├áng	labelText: 'T├¬n ng├ón h├áng',
lib/shared/widgets/withdraw_sheet.dart	272	OTHER	VD: Vietcombank, Techcombank	hintText: 'VD: Vietcombank, Techcombank',
lib/shared/widgets/withdraw_sheet.dart	289	VI	Sß╗æ t├ái khoß║ún	labelText: 'Sß╗æ t├ái khoß║ún',
lib/shared/widgets/withdraw_sheet.dart	290	VI	Nhß║¡p sß╗æ t├ái khoß║ún	hintText: 'Nhß║¡p sß╗æ t├ái khoß║ún',
lib/shared/widgets/withdraw_sheet.dart	307	VI	Chß╗º t├ái khoß║ún	labelText: 'Chß╗º t├ái khoß║ún',
lib/shared/widgets/withdraw_sheet.dart	308	VI	VIß║╛T HOA KH├öNG Dß║ñU	hintText: 'VIß║╛T HOA KH├öNG Dß║ñU',
lib/shared/widgets/withdraw_sheet.dart	364	VI	─Éang xß╗¡ l├╜...	Text(_submitting ? '─Éang xß╗¡ l├╜...' : 'X├íc nhß║¡n r├║t lui'),
lib/shared/widgets/withdraw_sheet.dart	364	VI	X├íc nhß║¡n r├║t lui	Text(_submitting ? '─Éang xß╗¡ l├╜...' : 'X├íc nhß║¡n r├║t lui'),
lib/shared/widgets/withdraw_sheet.dart	437	VI	Ng├ón h├áng	_BankRow(label: 'Ng├ón h├áng', value: bankName, colors: colors),
lib/shared/widgets/withdraw_sheet.dart	439	VI	Sß╗æ TK	_BankRow(label: 'Sß╗æ TK', value: accountNumber, colors: colors),
lib/shared/widgets/withdraw_sheet.dart	441	VI	Chß╗º TK	_BankRow(label: 'Chß╗º TK', value: accountName, colors: colors),

TOTAL_CANDIDATES=905
